ChargeEVs_index_1,ChargeEVs_index_2,ChargeEVs
Oahu,2007011200,3.0851289064739835
Oahu,2007011202,9.5444834525191
Oahu,2007011204,0.522083890561765
Oahu,2007011206,0.522083890561765
Oahu,2007011208,0.79781307835972
Oahu,2007011210,1.57160676958348
Oahu,2007011212,1.57160676958348
Oahu,2007011214,3.3255472161362354
Oahu,2007011216,3.3255472161362354
Oahu,2007011218,3.325547216136235
Oahu,2007011220,3.085128906473983
Oahu,2007011222,3.0851289064739835
Oahu,2007011900,3.0851289064742087
Oahu,2007011902,3.0851289064742087
Oahu,2007011904,0.522083890561765
Oahu,2007011906,0.522083890561765
Oahu,2007011908,0.79781307835972
Oahu,2007011910,1.370756932656105
Oahu,2007011912,1.57160676958348
Oahu,2007011914,9.985751599107825
Oahu,2007011916,3.3255472161362354
Oahu,2007011918,3.325547216136235
Oahu,2007011920,3.0851289064742087
Oahu,2007011922,3.0851289064742087
Oahu,2007021200,0.773158530827982
Oahu,2007021202,0.773158530827982
Oahu,2007021204,0.773158530827982
Oahu,2007021206,0.522083890561765
Oahu,2007021208,0.79781307835972
Oahu,2007021210,8.143702285941849
Oahu,2007021212,8.143702285941849
Oahu,2007021214,3.3255472161362354
Oahu,2007021216,3.3255472161362354
Oahu,2007021218,3.325547216136235
Oahu,2007021220,3.085128906474145
Oahu,2007021222,0.773158530827982
Oahu,2007050200,8.599647575325477
Oahu,2007050202,0.522083890561765
Oahu,2007050204,0.522083890561765
Oahu,2007050206,0.522083890561765
Oahu,2007050208,0.79781307835972
Oahu,2007050210,3.3255472161362354
Oahu,2007050212,3.3255472161362354
Oahu,2007050214,3.3255472161362354
Oahu,2007050216,3.3255472161362354
Oahu,2007050218,3.325547216136235
Oahu,2007050220,3.085128906474145
Oahu,2007050222,3.085128906474145
Oahu,2007092200,0.7731585308276189
Oahu,2007092202,0.7731585308276189
Oahu,2007092204,0.7731585308276189
Oahu,2007092206,0.522083890561765
Oahu,2007092208,0.79781307835972
Oahu,2007092210,1.370756932656105
Oahu,2007092212,14.916647639229044
Oahu,2007092214,3.3255472161362354
Oahu,2007092216,3.3255472161362354
Oahu,2007092218,3.325547216136235
Oahu,2007092220,3.085128906474145
Oahu,2007092222,0.7731585308276188
Oahu,2007102700,3.085128906474086
Oahu,2007102702,8.33335869829352
Oahu,2007102704,0.522083890561765
Oahu,2007102706,0.522083890561765
Oahu,2007102708,1.370756932656105
Oahu,2007102710,1.370756932656105
Oahu,2007102712,3.0205773129040705
Oahu,2007102714,3.0205773129040705
Oahu,2007102716,3.02057731290407
Oahu,2007102718,3.325547216136235
Oahu,2007102720,3.085128906474086
Oahu,2007102722,3.085128906474086
Oahu,2007121500,10.554437858805539
Oahu,2007121502,0.522083890561765
Oahu,2007121504,0.522083890561765
Oahu,2007121506,0.522083890561765
Oahu,2007121508,0.79781307835972
Oahu,2007121510,1.370756932656105
Oahu,2007121512,3.3255472161362354
Oahu,2007121514,3.3255472161362354
Oahu,2007121516,3.3255472161362354
Oahu,2007121518,3.325547216136235
Oahu,2007121520,3.085128906474182
Oahu,2007121522,3.085128906474182
Oahu,2008022000,3.085128906474145
Oahu,2008022002,7.991392842893229
Oahu,2008022004,0.522083890561765
Oahu,2008022006,0.522083890561765
Oahu,2008022008,0.79781307835972
Oahu,2008022010,1.370756932656105
Oahu,2008022012,3.3255472161362354
Oahu,2008022014,3.3255472161362354
Oahu,2008022016,3.3255472161362354
Oahu,2008022018,3.325547216136235
Oahu,2008022020,3.085128906474145
Oahu,2008022022,3.085128906474145
Oahu,2008041000,3.085128906474182
Oahu,2008041002,7.99139284289312
Oahu,2008041004,0.522083890561765
Oahu,2008041006,0.522083890561765
Oahu,2008041008,0.79781307835972
Oahu,2008041010,1.370756932656105
Oahu,2008041012,3.3255472161362354
Oahu,2008041014,3.3255472161362354
Oahu,2008041016,3.3255472161362354
Oahu,2008041018,3.325547216136235
Oahu,2008041020,3.085128906474182
Oahu,2008041022,3.085128906474182
Oahu,2008061700,0.8028569098078159
Oahu,2008061702,12.416696441970771
Oahu,2008061704,0.522083890561765
Oahu,2008061706,0.522083890561765
Oahu,2008061708,0.79781307835972
Oahu,2008061710,1.370756932656105
Oahu,2008061712,3.4647876103913546
Oahu,2008061714,3.3255472161362354
Oahu,2008061716,3.3255472161362354
Oahu,2008061718,3.325547216136235
Oahu,2008061720,3.085128906474145
Oahu,2008061722,0.8028569098078158
Oahu,2008081800,0.7731585308274997
Oahu,2008081802,0.7731585308274997
Oahu,2008081804,0.522083890561765
Oahu,2008081806,0.522083890561765
Oahu,2008081808,0.79781307835972
Oahu,2008081810,1.370756932656105
Oahu,2008081812,16.074792556359625
Oahu,2008081814,2.872012077704049
Oahu,2008081816,2.872012077704049
Oahu,2008081818,3.325547216136235
Oahu,2008081820,3.085128906474145
Oahu,2008081822,0.7731585308274997
Oahu,2008091000,3.085128906474145
Oahu,2008091002,4.9238403911583575
Oahu,2008091004,0.522083890561765
Oahu,2008091006,0.522083890561765
Oahu,2008091008,0.79781307835972
Oahu,2008091010,1.370756932656105
Oahu,2008091012,6.393099667871107
Oahu,2008091014,3.3255472161362354
Oahu,2008091016,3.3255472161362354
Oahu,2008091018,3.325547216136235
Oahu,2008091020,3.085128906474145
Oahu,2008091022,3.085128906474145
Oahu,2008112200,3.085128906474145
Oahu,2008112202,3.085128906474145
Oahu,2008112204,0.79781307835972
Oahu,2008112206,0.79781307835972
Oahu,2008112208,0.79781307835972
Oahu,2008112210,1.370756932656105
Oahu,2008112212,1.57160676958348
Oahu,2008112214,9.434293223512167
Oahu,2008112216,3.3255472161362354
Oahu,2008112218,3.325547216136235
Oahu,2008112220,3.085128906474145
Oahu,2008112222,3.085128906474145
Oahu,2307011200,7.130126426091508
Oahu,2307011202,7.130126426091508
Oahu,2307011204,7.130126426091508
Oahu,2307011206,0.934072647706775
Oahu,2307011208,1.42738626483322
Oahu,2307011210,5.9498152488633
Oahu,2307011212,5.9498152488633
Oahu,2307011214,5.9498152488633
Oahu,2307011216,5.9498152488633
Oahu,2307011218,5.9498152488633
Oahu,2307011220,5.51967715971135
Oahu,2307011222,1.383276230205385
Oahu,2307011900,10.140236414678633
Oahu,2307011902,10.140236414678633
Oahu,2307011904,10.140236414678633
Oahu,2307011906,0.934072647706775
Oahu,2307011908,1.42738626483322
Oahu,2307011910,3.6922327574229574
Oahu,2307011912,3.6922327574229574
Oahu,2307011914,3.6922327574229574
Oahu,2307011916,3.692232757422957
Oahu,2307011918,5.9498152488633
Oahu,2307011920,5.51967715971135
Oahu,2307011922,1.383276230205385
Oahu,2307021200,1.383276230205385
Oahu,2307021202,1.383276230205385
Oahu,2307021204,1.383276230205385
Oahu,2307021206,0.934072647706775
Oahu,2307021208,1.42738626483322
Oahu,2307021210,11.696665444749426
Oahu,2307021212,11.696665444749424
Oahu,2307021214,11.696665444749424
Oahu,2307021216,5.9498152488633
Oahu,2307021218,5.9498152488633
Oahu,2307021220,5.51967715971135
Oahu,2307021222,1.383276230205385
Oahu,2307050200,1.0612749851615604
Oahu,2307050202,1.0612749851615604
Oahu,2307050204,0.7724215176190619
Oahu,2307050206,0.934072647706775
Oahu,2307050208,9.443059950438865
Oahu,2307050210,9.443059950438865
Oahu,2307050212,9.443059950438865
Oahu,2307050214,9.443059950438865
Oahu,2307050216,5.9498152488633
Oahu,2307050218,5.9498152488633
Oahu,2307050220,5.51967715971135
Oahu,2307050222,1.383276230205385
Oahu,2307092200,1.06127498516155
Oahu,2307092202,1.06127498516155
Oahu,2307092204,1.06127498516155
Oahu,2307092206,0.934072647706775
Oahu,2307092208,8.686640316615257
Oahu,2307092210,8.686640316615257
Oahu,2307092212,8.686640316615257
Oahu,2307092214,8.686640316615257
Oahu,2307092216,8.686640316615257
Oahu,2307092218,5.9498152488633
Oahu,2307092220,5.51967715971135
Oahu,2307092222,1.383276230205385
Oahu,2307102700,1.0612749851614893
Oahu,2307102702,1.0612749851614893
Oahu,2307102704,0.7724215176190847
Oahu,2307102706,0.934072647706775
Oahu,2307102708,10.153776871696195
Oahu,2307102710,10.153776871696195
Oahu,2307102712,10.153776871696195
Oahu,2307102714,9.568491678106653
Oahu,2307102716,3.6922327574236355
Oahu,2307102718,5.9498152488633
Oahu,2307102720,5.51967715971135
Oahu,2307102722,1.383276230205385
Oahu,2307121500,1.383276230205385
Oahu,2307121502,1.383276230205385
Oahu,2307121504,1.383276230205385
Oahu,2307121506,0.934072647706775
Oahu,2307121508,1.42738626483322
Oahu,2307121510,11.696665444749426
Oahu,2307121512,11.696665444749424
Oahu,2307121514,11.696665444749424
Oahu,2307121516,5.9498152488633
Oahu,2307121518,5.9498152488633
Oahu,2307121520,5.51967715971135
Oahu,2307121522,1.383276230205385
Oahu,2308022000,1.383276230205385
Oahu,2308022002,1.383276230205385
Oahu,2308022004,1.383276230205385
Oahu,2308022006,0.934072647706775
Oahu,2308022008,1.42738626483322
Oahu,2308022010,11.696665444749426
Oahu,2308022012,11.696665444749424
Oahu,2308022014,11.696665444749424
Oahu,2308022016,5.9498152488633
Oahu,2308022018,5.9498152488633
Oahu,2308022020,5.51967715971135
Oahu,2308022022,1.383276230205385
Oahu,2308041000,5.5196771597113505
Oahu,2308041002,5.5196771597113505
Oahu,2308041004,5.5196771597113505
Oahu,2308041006,0.934072647706775
Oahu,2308041008,1.42738626483322
Oahu,2308041010,6.181464205408135
Oahu,2308041012,6.181464205408136
Oahu,2308041014,6.181464205408136
Oahu,2308041016,5.9498152488633
Oahu,2308041018,5.9498152488633
Oahu,2308041020,5.51967715971135
Oahu,2308041022,5.5196771597113505
Oahu,2308061700,7.130126426091508
Oahu,2308061702,7.130126426091508
Oahu,2308061704,7.130126426091508
Oahu,2308061706,0.934072647706775
Oahu,2308061708,1.42738626483322
Oahu,2308061710,5.9498152488633
Oahu,2308061712,5.9498152488633
Oahu,2308061714,5.9498152488633
Oahu,2308061716,5.9498152488633
Oahu,2308061718,5.9498152488633
Oahu,2308061720,5.51967715971135
Oahu,2308061722,1.383276230205385
Oahu,2308081800,1.061274985161532
Oahu,2308081802,1.061274985161532
Oahu,2308081804,0.7724215176191453
Oahu,2308081806,0.934072647706775
Oahu,2308081808,8.744411010123747
Oahu,2308081810,8.744411010123747
Oahu,2308081812,8.744411010123747
Oahu,2308081814,8.744411010123747
Oahu,2308081816,8.744411010123747
Oahu,2308081818,5.9498152488633
Oahu,2308081820,5.51967715971135
Oahu,2308081822,1.383276230205385
Oahu,2308091000,1.383276230205385
Oahu,2308091002,1.383276230205385
Oahu,2308091004,1.383276230205385
Oahu,2308091006,0.934072647706775
Oahu,2308091008,8.994879092161428
Oahu,2308091010,8.994879092161428
Oahu,2308091012,8.994879092161428
Oahu,2308091014,8.994879092161428
Oahu,2308091016,6.487681479299084
Oahu,2308091018,5.9498152488633
Oahu,2308091020,5.51967715971135
Oahu,2308091022,1.383276230205385
Oahu,2308112200,1.383276230205385
Oahu,2308112202,1.383276230205385
Oahu,2308112204,1.383276230205385
Oahu,2308112206,0.934072647706775
Oahu,2308112208,1.42738626483322
Oahu,2308112210,11.696665444749426
Oahu,2308112212,11.696665444749424
Oahu,2308112214,11.696665444749424
Oahu,2308112216,5.9498152488633
Oahu,2308112218,5.9498152488633
Oahu,2308112220,5.51967715971135
Oahu,2308112222,1.383276230205385
Oahu,2507011200,1.53439493658009
Oahu,2507011202,1.1115736179373243
Oahu,2507011204,1.1167696234354
Oahu,2507011206,1.35048537002977
Oahu,2507011208,2.06371985387997
Oahu,2507011210,15.393148861405365
Oahu,2507011212,15.393148861405365
Oahu,2507011214,15.393148861405365
Oahu,2507011216,15.393148861405365
Oahu,2507011218,8.60226286220545
Oahu,2507011220,7.98036776880085
Oahu,2507011222,1.9999454177238
Oahu,2507011900,1.9999454177238003
Oahu,2507011902,1.9999454177238003
Oahu,2507011904,1.9999454177238003
Oahu,2507011906,1.35048537002977
Oahu,2507011908,14.01524367690362
Oahu,2507011910,14.01524367690362
Oahu,2507011912,14.01524367690362
Oahu,2507011914,14.01524367690362
Oahu,2507011916,5.338242516668245
Oahu,2507011918,8.60226286220545
Oahu,2507011920,7.98036776880085
Oahu,2507011922,1.9999454177238
Oahu,2507021200,1.53439493658009
Oahu,2507021202,1.1115736179262008
Oahu,2507021204,1.1167696234354
Oahu,2507021206,1.35048537002977
Oahu,2507021208,12.727263059902464
Oahu,2507021210,12.727263059902464
Oahu,2507021212,12.727263059902464
Oahu,2507021214,12.727263059902464
Oahu,2507021216,12.727263059902464
Oahu,2507021218,8.60226286220545
Oahu,2507021220,7.98036776880085
Oahu,2507021222,1.9999454177238
Oahu,2507050200,1.53439493658009
Oahu,2507050202,1.111573617920083
Oahu,2507050204,1.1167696234354
Oahu,2507050206,1.35048537002977
Oahu,2507050208,13.758513109328248
Oahu,2507050210,13.758513109328248
Oahu,2507050212,13.758513109328248
Oahu,2507050214,13.758513109328248
Oahu,2507050216,8.60226286220545
Oahu,2507050218,8.60226286220545
Oahu,2507050220,7.98036776880085
Oahu,2507050222,1.9999454177238
Oahu,2507092200,1.53439493658009
Oahu,2507092202,1.111573617929352
Oahu,2507092204,1.1167696234354
Oahu,2507092206,1.35048537002977
Oahu,2507092208,12.727263059901759
Oahu,2507092210,12.727263059901759
Oahu,2507092212,12.727263059901759
Oahu,2507092214,12.727263059901588
Oahu,2507092216,12.727263059901588
Oahu,2507092218,8.60226286220545
Oahu,2507092220,7.98036776880085
Oahu,2507092222,1.9999454177238
Oahu,2507102700,1.53439493658009
Oahu,2507102702,1.1115736179351643
Oahu,2507102704,1.1167696234354
Oahu,2507102706,1.35048537002977
Oahu,2507102708,14.574518195708805
Oahu,2507102710,14.574518195708777
Oahu,2507102712,14.574518195708805
Oahu,2507102714,14.574518195708805
Oahu,2507102716,5.338242516668355
Oahu,2507102718,8.60226286220545
Oahu,2507102720,7.98036776880085
Oahu,2507102722,1.9999454177238
Oahu,2507121500,1.53439493658009
Oahu,2507121502,1.1115736179293378
Oahu,2507121504,1.1167696234354
Oahu,2507121506,1.35048537002977
Oahu,2507121508,2.06371985387997
Oahu,2507121510,17.656777527807947
Oahu,2507121512,17.656777527807947
Oahu,2507121514,17.656777527807947
Oahu,2507121516,8.60226286220545
Oahu,2507121518,8.60226286220545
Oahu,2507121520,7.98036776880085
Oahu,2507121522,1.9999454177238
Oahu,2508022000,1.53439493658009
Oahu,2508022002,1.1115736179406868
Oahu,2508022004,1.1167696234354
Oahu,2508022006,1.35048537002977
Oahu,2508022008,2.06371985387997
Oahu,2508022010,17.65677752780417
Oahu,2508022012,17.65677752780417
Oahu,2508022014,17.65677752780417
Oahu,2508022016,8.60226286220545
Oahu,2508022018,8.60226286220545
Oahu,2508022020,7.98036776880085
Oahu,2508022022,1.9999454177238
Oahu,2508041000,1.9999454177238003
Oahu,2508041002,1.9999454177238003
Oahu,2508041004,1.9999454177238003
Oahu,2508041006,1.35048537002977
Oahu,2508041008,2.06371985387997
Oahu,2508041010,14.833874342600685
Oahu,2508041012,14.833874342600685
Oahu,2508041014,14.833874342600685
Oahu,2508041016,14.833874342600685
Oahu,2508041018,8.60226286220545
Oahu,2508041020,7.98036776880085
Oahu,2508041022,1.9999454177238
Oahu,2508061700,1.53439493658009
Oahu,2508061702,1.1115736179341411
Oahu,2508061704,1.1167696234354
Oahu,2508061706,1.35048537002977
Oahu,2508061708,13.758513109324753
Oahu,2508061710,13.758513109324753
Oahu,2508061712,13.758513109324753
Oahu,2508061714,13.758513109324753
Oahu,2508061716,8.60226286220545
Oahu,2508061718,8.60226286220545
Oahu,2508061720,7.98036776880085
Oahu,2508061722,1.9999454177238
Oahu,2508081800,1.53439493658009
Oahu,2508081802,1.1115736179251314
Oahu,2508081804,1.1167696234354
Oahu,2508081806,1.35048537002977
Oahu,2508081808,12.727263059902725
Oahu,2508081810,12.727263059902725
Oahu,2508081812,12.727263059902725
Oahu,2508081814,12.727263059902725
Oahu,2508081816,12.727263059902725
Oahu,2508081818,8.60226286220545
Oahu,2508081820,7.98036776880085
Oahu,2508081822,1.9999454177238
Oahu,2508091000,1.53439493658009
Oahu,2508091002,1.1115736179262683
Oahu,2508091004,1.1167696234354
Oahu,2508091006,1.35048537002977
Oahu,2508091008,12.727263059902583
Oahu,2508091010,12.727263059902583
Oahu,2508091012,12.727263059902583
Oahu,2508091014,12.727263059902526
Oahu,2508091016,12.727263059902526
Oahu,2508091018,8.60226286220545
Oahu,2508091020,7.98036776880085
Oahu,2508091022,1.9999454177238
Oahu,2508112200,10.308760724917448
Oahu,2508112202,10.308760724917448
Oahu,2508112204,10.308760724917448
Oahu,2508112206,1.35048537002977
Oahu,2508112208,2.06371985387997
Oahu,2508112210,8.60226286220545
Oahu,2508112212,8.60226286220545
Oahu,2508112214,8.60226286220545
Oahu,2508112216,8.60226286220545
Oahu,2508112218,8.60226286220545
Oahu,2508112220,7.98036776880085
Oahu,2508112222,1.9999454177238
Oahu,3007011200,3.491836478456295
Oahu,3007011202,2.529618167438713
Oahu,3007011204,2.54144276429583
Oahu,3007011206,3.0733118092803
Oahu,3007011208,4.69642599522254
Oahu,3007011210,9.25145887820565
Oahu,3007011212,9.25145887820565
Oahu,3007011214,101.18912550770625
Oahu,3007011216,20.42927082823647
Oahu,3007011218,19.57624764225815
Oahu,3007011220,18.16099533585835
Oahu,3007011222,4.551293932248295
Oahu,3007011900,3.491836478456295
Oahu,3007011902,2.5296181674344993
Oahu,3007011904,2.54144276429583
Oahu,3007011906,3.0733118092803
Oahu,3007011908,33.16736328987835
Oahu,3007011910,33.16736328987838
Oahu,3007011912,33.16736328987838
Oahu,3007011914,33.16736328987838
Oahu,3007011916,12.1482869280676
Oahu,3007011918,19.57624764225815
Oahu,3007011920,18.16099533585835
Oahu,3007011922,4.551293932248295
Oahu,3007021200,3.491836478456295
Oahu,3007021202,2.529618167449045
Oahu,3007021204,2.54144276429583
Oahu,3007021206,3.0733118092803
Oahu,3007021208,4.69642599522254
Oahu,3007021210,40.18168881669517
Oahu,3007021212,40.18168881669517
Oahu,3007021214,40.18168881669517
Oahu,3007021216,19.57624764225815
Oahu,3007021218,19.57624764225815
Oahu,3007021220,18.16099533585835
Oahu,3007021222,4.551293932248295
Oahu,3007050200,3.491836478456295
Oahu,3007050202,2.54144276429583
Oahu,3007050204,2.54144276429583
Oahu,3007050206,3.0733118092803
Oahu,3007050208,28.961183098144236
Oahu,3007050210,28.96118309814392
Oahu,3007050212,28.96118309814392
Oahu,3007050214,28.96118309814392
Oahu,3007050216,28.96118309814392
Oahu,3007050218,19.57624764225815
Oahu,3007050220,18.16099533585835
Oahu,3007050222,4.551293932248295
Oahu,3007092200,3.491836478456295
Oahu,3007092202,2.529618167449045
Oahu,3007092204,2.54144276429583
Oahu,3007092206,3.0733118092803
Oahu,3007092208,28.963548017513244
Oahu,3007092210,28.963548017513244
Oahu,3007092212,28.963548017513244
Oahu,3007092214,28.963548017513244
Oahu,3007092216,28.963548017513244
Oahu,3007092218,19.57624764225815
Oahu,3007092220,18.16099533585835
Oahu,3007092222,4.551293932248295
Oahu,3007102700,3.491836478456295
Oahu,3007102702,2.529618167431181
Oahu,3007102704,2.54144276429583
Oahu,3007102706,3.0733118092803
Oahu,3007102708,35.221748267689236
Oahu,3007102710,35.221748267689236
Oahu,3007102712,35.221748267689236
Oahu,3007102714,19.57624764225815
Oahu,3007102716,19.57624764225815
Oahu,3007102718,19.57624764225815
Oahu,3007102720,18.16099533585835
Oahu,3007102722,4.551293932248295
Oahu,3007121500,3.491836478456295
Oahu,3007121502,2.529618167449655
Oahu,3007121504,2.54144276429583
Oahu,3007121506,3.0733118092803
Oahu,3007121508,4.69642599522254
Oahu,3007121510,8.06913131192745
Oahu,3007121512,92.89968749589931
Oahu,3007121514,19.57624764225815
Oahu,3007121516,19.57624764225815
Oahu,3007121518,19.57624764225815
Oahu,3007121520,18.16099533585835
Oahu,3007121522,4.551293932248295
Oahu,3008022000,3.491836478456295
Oahu,3008022002,2.529618167449045
Oahu,3008022004,2.54144276429583
Oahu,3008022006,3.0733118092803
Oahu,3008022008,4.69642599522254
Oahu,3008022010,63.09155805567758
Oahu,3008022012,52.73318218053089
Oahu,3008022014,12.1482869280676
Oahu,3008022016,12.1482869280676
Oahu,3008022018,19.57624764225815
Oahu,3008022020,18.16099533585835
Oahu,3008022022,4.551293932248295
Oahu,3008041000,3.491836478456295
Oahu,3008041002,2.529618167445122
Oahu,3008041004,2.54144276429583
Oahu,3008041006,3.0733118092803
Oahu,3008041008,4.69642599522254
Oahu,3008041010,35.030328523086894
Oahu,3008041012,35.030328523086894
Oahu,3008041014,35.030328523086894
Oahu,3008041016,35.030328523086894
Oahu,3008041018,19.57624764225815
Oahu,3008041020,18.16099533585835
Oahu,3008041022,4.551293932248295
Oahu,3008061700,3.491836478456295
Oahu,3008061702,2.529618167449045
Oahu,3008061704,2.54144276429583
Oahu,3008061706,3.0733118092803
Oahu,3008061708,4.69642599522254
Oahu,3008061710,81.39257116556922
Oahu,3008061712,19.57624764225815
Oahu,3008061714,19.57624764225815
Oahu,3008061716,19.57624764225815
Oahu,3008061718,19.57624764225815
Oahu,3008061720,18.16099533585835
Oahu,3008061722,4.551293932248295
Oahu,3008081800,3.491836478456295
Oahu,3008081802,2.5296181674477225
Oahu,3008081804,2.54144276429583
Oahu,3008081806,3.0733118092803
Oahu,3008081808,28.963548017513517
Oahu,3008081810,28.963548017513517
Oahu,3008081812,28.963548017513503
Oahu,3008081814,28.963548017513503
Oahu,3008081816,28.963548017513496
Oahu,3008081818,19.57624764225815
Oahu,3008081820,18.16099533585835
Oahu,3008081822,4.551293932248295
Oahu,3008091000,3.491836478456295
Oahu,3008091002,2.529618167449045
Oahu,3008091004,2.54144276429583
Oahu,3008091006,3.0733118092803
Oahu,3008091008,4.69642599522254
Oahu,3008091010,15.701609146579742
Oahu,3008091012,52.42172865175289
Oahu,3008091014,52.42172865175289
Oahu,3008091016,19.57624764225815
Oahu,3008091018,19.57624764225815
Oahu,3008091020,18.16099533585835
Oahu,3008091022,4.551293932248295
Oahu,3008112200,3.491836478456295
Oahu,3008112202,2.5296181674490823
Oahu,3008112204,2.54144276429583
Oahu,3008112206,3.0733118092803
Oahu,3008112208,4.69642599522254
Oahu,3008112210,40.181688816695164
Oahu,3008112212,40.181688816695164
Oahu,3008112214,40.18168881669517
Oahu,3008112216,19.57624764225815
Oahu,3008112218,19.57624764225815
Oahu,3008112220,18.16099533585835
Oahu,3008112222,4.551293932248295
Oahu,3507011200,6.9305455820559
Oahu,3507011202,5.02074885890562
Oahu,3507011204,5.04421814446625
Oahu,3507011206,6.09986398661605
Oahu,3507011208,9.3213971024873
Oahu,3507011210,43.66112426045031
Oahu,3507011212,43.66112426045031
Oahu,3507011214,151.93382285550695
Oahu,3507011216,38.85464781852105
Oahu,3507011218,38.85464781852105
Oahu,3507011220,36.0456758978343
Oahu,3507011222,9.0333411227567
Oahu,3507011900,6.9305455820559
Oahu,3507011902,5.020748858896724
Oahu,3507011904,5.04421814446625
Oahu,3507011906,6.09986398661605
Oahu,3507011908,65.83009385901005
Oahu,3507011910,65.83009385901005
Oahu,3507011912,65.83009385901005
Oahu,3507011914,65.83009385901005
Oahu,3507011916,24.1117408613841
Oahu,3507011918,38.85464781852105
Oahu,3507011920,36.0456758978343
Oahu,3507011922,9.0333411227567
Oahu,3507021200,6.9305455820559
Oahu,3507021202,5.02074885890785
Oahu,3507021204,5.04421814446625
Oahu,3507021206,6.09986398661605
Oahu,3507021208,9.3213971024873
Oahu,3507021210,79.75202379213492
Oahu,3507021212,79.75202379213492
Oahu,3507021214,79.75202379213492
Oahu,3507021216,38.85464781852105
Oahu,3507021218,38.85464781852105
Oahu,3507021220,36.0456758978343
Oahu,3507021222,9.0333411227567
Oahu,3507050200,6.9305455820559
Oahu,3507050202,5.04421814446625
Oahu,3507050204,5.04421814446625
Oahu,3507050206,6.09986398661605
Oahu,3507050208,57.48172940237104
Oahu,3507050210,57.481729402371
Oahu,3507050212,57.481729402371
Oahu,3507050214,57.481729402371
Oahu,3507050216,57.481729402371
Oahu,3507050218,38.85464781852105
Oahu,3507050220,36.0456758978343
Oahu,3507050222,9.0333411227567
Oahu,3507092200,6.9305455820559
Oahu,3507092202,5.02074885890785
Oahu,3507092204,5.04421814446625
Oahu,3507092206,6.09986398661605
Oahu,3507092208,57.48642325948263
Oahu,3507092210,57.48642325948263
Oahu,3507092212,57.48642325948263
Oahu,3507092214,57.48642325948263
Oahu,3507092216,57.48642325948263
Oahu,3507092218,38.85464781852105
Oahu,3507092220,36.0456758978343
Oahu,3507092222,9.0333411227567
Oahu,3507102700,6.9305455820559
Oahu,3507102702,5.02074885890785
Oahu,3507102704,5.04421814446625
Oahu,3507102706,6.09986398661605
Oahu,3507102708,79.73621152488175
Oahu,3507102710,79.73621152488174
Oahu,3507102712,79.73621152488174
Oahu,3507102714,24.11174086138394
Oahu,3507102716,24.111740861383936
Oahu,3507102718,38.85464781852105
Oahu,3507102720,36.0456758978343
Oahu,3507102722,9.0333411227567
Oahu,3507121500,6.9305455820559
Oahu,3507121502,5.020748858899907
Oahu,3507121504,5.04421814446625
Oahu,3507121506,6.09986398661605
Oahu,3507121508,9.3213971024873
Oahu,3507121510,16.0154929103756
Oahu,3507121512,184.38593064751606
Oahu,3507121514,38.85464781852105
Oahu,3507121516,38.85464781852105
Oahu,3507121518,38.85464781852105
Oahu,3507121520,36.0456758978343
Oahu,3507121522,9.0333411227567
Oahu,3508022000,6.9305455820559
Oahu,3508022002,5.02074885890785
Oahu,3508022004,5.04421814446625
Oahu,3508022006,6.09986398661605
Oahu,3508022008,9.3213971024873
Oahu,3508022010,59.54174206176833
Oahu,3508022012,167.0862219627109
Oahu,3508022014,25.74137758522329
Oahu,3508022016,25.74137758522329
Oahu,3508022018,38.85464781852105
Oahu,3508022020,36.0456758978343
Oahu,3508022022,9.0333411227567
Oahu,3508041000,6.9305455820559
Oahu,3508041002,5.020748858897647
Oahu,3508041004,5.04421814446625
Oahu,3508041006,6.09986398661605
Oahu,3508041008,9.3213971024873
Oahu,3508041010,69.52767979873403
Oahu,3508041012,69.52767979873403
Oahu,3508041014,69.52767979873403
Oahu,3508041016,69.52767979873403
Oahu,3508041018,38.85464781852105
Oahu,3508041020,36.0456758978343
Oahu,3508041022,9.0333411227567
Oahu,3508061700,6.9305455820559
Oahu,3508061702,5.02074885890785
Oahu,3508061704,5.04421814446625
Oahu,3508061706,6.09986398661605
Oahu,3508061708,9.3213971024873
Oahu,3508061710,118.74122983418934
Oahu,3508061712,60.25742077110772
Oahu,3508061714,60.25742077110772
Oahu,3508061716,38.85464781852105
Oahu,3508061718,38.85464781852105
Oahu,3508061720,36.0456758978343
Oahu,3508061722,9.0333411227567
Oahu,3508081800,6.9305455820559
Oahu,3508081802,5.020748858907666
Oahu,3508081804,5.04421814446625
Oahu,3508081806,6.09986398661605
Oahu,3508081808,57.48642325948268
Oahu,3508081810,57.48642325948268
Oahu,3508081812,57.48642325948268
Oahu,3508081814,57.486423259482685
Oahu,3508081816,57.48642325948262
Oahu,3508081818,38.85464781852105
Oahu,3508081820,36.0456758978343
Oahu,3508081822,9.0333411227567
Oahu,3508091000,6.9305455820559
Oahu,3508091002,5.020748858907837
Oahu,3508091004,5.04421814446625
Oahu,3508091006,6.09986398661605
Oahu,3508091008,9.3213971024873
Oahu,3508091010,79.75202379213493
Oahu,3508091012,79.75202379213493
Oahu,3508091014,79.75202379213493
Oahu,3508091016,38.85464781852105
Oahu,3508091018,38.85464781852105
Oahu,3508091020,36.0456758978343
Oahu,3508091022,9.0333411227567
Oahu,3508112200,6.9305455820559
Oahu,3508112202,5.0207488589077185
Oahu,3508112204,5.04421814446625
Oahu,3508112206,6.09986398661605
Oahu,3508112208,9.3213971024873
Oahu,3508112210,79.75202379213496
Oahu,3508112212,79.75202379213496
Oahu,3508112214,79.75202379213496
Oahu,3508112216,38.85464781852105
Oahu,3508112218,38.85464781852105
Oahu,3508112220,36.0456758978343
Oahu,3508112222,9.0333411227567
Oahu,4007011200,12.5989501640728
Oahu,4007011202,9.127155129523146
Oahu,4007011204,9.1698196435482
Oahu,4007011206,11.08886471708345
Oahu,4007011208,16.9452485613597
Oahu,4007011210,100.45850759569151
Oahu,4007011212,100.45850759569151
Oahu,4007011214,234.02353660699896
Oahu,4007011216,70.6333672742305
Oahu,4007011218,70.6333672742305
Oahu,4007011220,65.526973149554
Oahu,4007011222,16.42159528037045
Oahu,4007011900,12.5989501640728
Oahu,4007011902,9.127155129517824
Oahu,4007011904,9.1698196435482
Oahu,4007011906,11.08886471708345
Oahu,4007011908,119.67168558465201
Oahu,4007011910,119.67168558465201
Oahu,4007011912,119.67168558465204
Oahu,4007011914,119.67168558465204
Oahu,4007011916,43.83242529536935
Oahu,4007011918,70.6333672742305
Oahu,4007011920,65.526973149554
Oahu,4007011922,16.42159528037045
Oahu,4007021200,12.5989501640728
Oahu,4007021202,9.1271551295304
Oahu,4007021204,9.1698196435482
Oahu,4007021206,11.08886471708345
Oahu,4007021208,16.9452485613597
Oahu,4007021210,126.39347976815138
Oahu,4007021212,126.39347976815138
Oahu,4007021214,126.39347976815138
Oahu,4007021216,126.39347976815138
Oahu,4007021218,70.6333672742305
Oahu,4007021220,65.526973149554
Oahu,4007021222,16.42159528037045
Oahu,4007050200,12.5989501640728
Oahu,4007050202,9.1698196435482
Oahu,4007050204,9.1698196435482
Oahu,4007050206,11.08886471708345
Oahu,4007050208,104.4953006239895
Oahu,4007050210,104.4953006239895
Oahu,4007050212,104.4953006239895
Oahu,4007050214,104.4953006239895
Oahu,4007050216,104.4953006239895
Oahu,4007050218,70.6333672742305
Oahu,4007050220,65.526973149554
Oahu,4007050222,16.42159528037045
Oahu,4007092200,12.5989501640728
Oahu,4007092202,9.1271551295304
Oahu,4007092204,9.1698196435482
Oahu,4007092206,11.08886471708345
Oahu,4007092208,104.50383352679306
Oahu,4007092210,104.50383352679306
Oahu,4007092212,104.50383352679306
Oahu,4007092214,104.50383352679306
Oahu,4007092216,104.50383352679306
Oahu,4007092218,70.6333672742305
Oahu,4007092220,65.526973149554
Oahu,4007092222,16.42159528037045
Oahu,4007102700,12.5989501640728
Oahu,4007102702,9.1271551295304
Oahu,4007102704,9.1698196435482
Oahu,4007102706,11.08886471708345
Oahu,4007102708,128.32895049910326
Oahu,4007102710,128.32895049910326
Oahu,4007102712,128.32895049910326
Oahu,4007102714,93.69989084128704
Oahu,4007102716,43.832425295368466
Oahu,4007102718,70.6333672742305
Oahu,4007102720,65.526973149554
Oahu,4007102722,16.42159528037045
Oahu,4007121500,12.5989501640728
Oahu,4007121502,9.12715512952218
Oahu,4007121504,9.1698196435482
Oahu,4007121506,11.08886471708345
Oahu,4007121508,16.9452485613597
Oahu,4007121510,29.11435970543435
Oahu,4007121512,325.767687156248
Oahu,4007121514,80.0585049367009
Oahu,4007121516,70.6333672742305
Oahu,4007121518,70.6333672742305
Oahu,4007121520,65.526973149554
Oahu,4007121522,16.42159528037045
Oahu,4008022000,12.5989501640728
Oahu,4008022002,9.1271551295304
Oahu,4008022004,9.1698196435482
Oahu,4008022006,11.08886471708345
Oahu,4008022008,16.9452485613597
Oahu,4008022010,122.59353640853988
Oahu,4008022012,295.3155320733269
Oahu,4008022014,43.832425295369355
Oahu,4008022016,43.83242529536935
Oahu,4008022018,70.6333672742305
Oahu,4008022020,65.526973149554
Oahu,4008022022,16.42159528037045
Oahu,4008041000,12.5989501640728
Oahu,4008041002,9.127155129529328
Oahu,4008041004,9.1698196435482
Oahu,4008041006,11.08886471708345
Oahu,4008041008,16.9452485613597
Oahu,4008041010,126.39347976815162
Oahu,4008041012,126.39347976815168
Oahu,4008041014,126.39347976815168
Oahu,4008041016,126.39347976815168
Oahu,4008041018,70.6333672742305
Oahu,4008041020,65.526973149554
Oahu,4008041022,16.42159528037045
Oahu,4008061700,12.5989501640728
Oahu,4008061702,9.1271551295304
Oahu,4008061704,9.1698196435482
Oahu,4008061706,11.08886471708345
Oahu,4008061708,16.9452485613597
Oahu,4008061710,150.3716830564497
Oahu,4008061712,142.28443437096266
Oahu,4008061714,142.28443437096266
Oahu,4008061716,70.6333672742305
Oahu,4008061718,70.6333672742305
Oahu,4008061720,65.526973149554
Oahu,4008061722,16.42159528037045
Oahu,4008081800,12.5989501640728
Oahu,4008081802,9.127155129529456
Oahu,4008081804,9.1698196435482
Oahu,4008081806,11.08886471708345
Oahu,4008081808,104.50383352679323
Oahu,4008081810,104.50383352679323
Oahu,4008081812,104.50383352679323
Oahu,4008081814,104.50383352679323
Oahu,4008081816,104.50383352679323
Oahu,4008081818,70.6333672742305
Oahu,4008081820,65.526973149554
Oahu,4008081822,16.42159528037045
Oahu,4008091000,12.5989501640728
Oahu,4008091002,9.127155129529967
Oahu,4008091004,9.1698196435482
Oahu,4008091006,11.08886471708345
Oahu,4008091008,93.78619216643995
Oahu,4008091010,107.18324386688144
Oahu,4008091012,107.18324386688144
Oahu,4008091014,107.18324386688144
Oahu,4008091016,107.18324386688144
Oahu,4008091018,70.6333672742305
Oahu,4008091020,65.526973149554
Oahu,4008091022,16.42159528037045
Oahu,4008112200,12.5989501640728
Oahu,4008112202,9.1271551295304
Oahu,4008112204,9.1698196435482
Oahu,4008112206,11.08886471708345
Oahu,4008112208,16.9452485613597
Oahu,4008112210,144.98018393279168
Oahu,4008112212,144.9801839327917
Oahu,4008112214,144.9801839327917
Oahu,4008112216,70.6333672742305
Oahu,4008112218,70.6333672742305
Oahu,4008112220,65.526973149554
Oahu,4008112222,16.42159528037045
Oahu,4507011200,22.2844205412432
Oahu,4507011202,16.2191384649563
Oahu,4507011204,16.2191384649563
Oahu,4507011206,19.61345361815125
Oahu,4507011208,29.9719452970013
Oahu,4507011210,129.53861640706612
Oahu,4507011212,220.87924133901913
Oahu,4507011214,418.80872752757784
Oahu,4507011216,124.9329221947015
Oahu,4507011218,124.9329221947015
Oahu,4507011220,115.900976465754
Oahu,4507011222,29.0457324158168
Oahu,4507011900,22.2844205412432
Oahu,4507011902,16.1436755128707
Oahu,4507011904,16.2191384649563
Oahu,4507011906,19.61345361815125
Oahu,4507011908,211.6695545040281
Oahu,4507011910,211.6695545040281
Oahu,4507011912,211.6695545040281
Oahu,4507011914,211.6695545040281
Oahu,4507011916,77.528697701339
Oahu,4507011918,124.9329221947015
Oahu,4507011920,115.900976465754
Oahu,4507011922,29.0457324158168
Oahu,4507021200,22.2844205412432
Oahu,4507021202,16.1436755128707
Oahu,4507021204,16.2191384649563
Oahu,4507021206,19.61345361815125
Oahu,4507021208,184.84138314349033
Oahu,4507021210,184.84138314349033
Oahu,4507021212,184.84138314349033
Oahu,4507021214,184.84138314349033
Oahu,4507021216,184.84138314349033
Oahu,4507021218,124.9329221947015
Oahu,4507021220,115.900976465754
Oahu,4507021222,29.0457324158168
Oahu,4507050200,22.2844205412432
Oahu,4507050202,16.2191384649563
Oahu,4507050204,16.2191384649563
Oahu,4507050206,19.61345361815125
Oahu,4507050208,184.8262905530732
Oahu,4507050210,184.8262905530732
Oahu,4507050212,184.8262905530732
Oahu,4507050214,184.8262905530732
Oahu,4507050216,184.8262905530732
Oahu,4507050218,124.9329221947015
Oahu,4507050220,115.900976465754
Oahu,4507050222,29.0457324158168
Oahu,4507092200,22.2844205412432
Oahu,4507092202,16.1436755128707
Oahu,4507092204,16.2191384649563
Oahu,4507092206,19.61345361815125
Oahu,4507092208,184.84138314349033
Oahu,4507092210,184.84138314349033
Oahu,4507092212,184.84138314349033
Oahu,4507092214,184.8413831434903
Oahu,4507092216,184.8413831434903
Oahu,4507092218,124.9329221947015
Oahu,4507092220,115.900976465754
Oahu,4507092222,29.0457324158168
Oahu,4507102700,22.2844205412432
Oahu,4507102702,16.2191384649563
Oahu,4507102704,16.2191384649563
Oahu,4507102706,19.61345361815125
Oahu,4507102708,184.8262905530732
Oahu,4507102710,184.8262905530732
Oahu,4507102712,184.8262905530732
Oahu,4507102714,184.8262905530732
Oahu,4507102716,184.8262905530732
Oahu,4507102718,124.9329221947015
Oahu,4507102720,115.900976465754
Oahu,4507102722,29.0457324158168
Oahu,4507121500,22.2844205412432
Oahu,4507121502,16.2191384649563
Oahu,4507121504,16.2191384649563
Oahu,4507121506,19.61345361815125
Oahu,4507121508,29.9719452970013
Oahu,4507121510,232.37891121359974
Oahu,4507121512,408.8309690832856
Oahu,4507121514,128.01670497677782
Oahu,4507121516,124.9329221947015
Oahu,4507121518,124.9329221947015
Oahu,4507121520,115.900976465754
Oahu,4507121522,29.0457324158168
Oahu,4508022000,22.2844205412432
Oahu,4508022002,16.1436755128707
Oahu,4508022004,16.2191384649563
Oahu,4508022006,19.61345361815125
Oahu,4508022008,29.9719452970013
Oahu,4508022010,272.23542423970343
Oahu,4508022012,272.23542423970343
Oahu,4508022014,272.23542423970343
Oahu,4508022016,77.52869770133918
Oahu,4508022018,124.9329221947015
Oahu,4508022020,115.900976465754
Oahu,4508022022,29.0457324158168
Oahu,4508041000,22.2844205412432
Oahu,4508041002,16.14367551287981
Oahu,4508041004,16.2191384649563
Oahu,4508041006,19.61345361815125
Oahu,4508041008,87.52534419446023
Oahu,4508041010,209.1703928807456
Oahu,4508041012,209.1703928807456
Oahu,4508041014,209.1703928807456
Oahu,4508041016,209.1703928807456
Oahu,4508041018,124.9329221947015
Oahu,4508041020,115.900976465754
Oahu,4508041022,29.0457324158168
Oahu,4508061700,22.2844205412432
Oahu,4508061702,16.1436755128707
Oahu,4508061704,16.2191384649563
Oahu,4508061706,19.61345361815125
Oahu,4508061708,29.9719452970013
Oahu,4508061710,240.3767073445984
Oahu,4508061712,240.3767073445984
Oahu,4508061714,288.5486335365519
Oahu,4508061716,124.9329221947015
Oahu,4508061718,124.9329221947015
Oahu,4508061720,115.900976465754
Oahu,4508061722,29.0457324158168
Oahu,4508081800,22.2844205412432
Oahu,4508081802,16.2191384649563
Oahu,4508081804,16.2191384649563
Oahu,4508081806,19.61345361815125
Oahu,4508081808,184.82629055307322
Oahu,4508081810,184.82629055307322
Oahu,4508081812,184.82629055307322
Oahu,4508081814,184.82629055307322
Oahu,4508081816,184.82629055307322
Oahu,4508081818,124.9329221947015
Oahu,4508081820,115.900976465754
Oahu,4508081822,29.0457324158168
Oahu,4508091000,22.2844205412432
Oahu,4508091002,16.14367551286915
Oahu,4508091004,16.2191384649563
Oahu,4508091006,19.61345361815125
Oahu,4508091008,184.84138314349067
Oahu,4508091010,184.84138314349067
Oahu,4508091012,184.84138314349067
Oahu,4508091014,184.84138314349067
Oahu,4508091016,184.84138314349067
Oahu,4508091018,124.9329221947015
Oahu,4508091020,115.900976465754
Oahu,4508091022,29.0457324158168
Oahu,4508112200,22.2844205412432
Oahu,4508112202,16.1436755128707
Oahu,4508112204,16.2191384649563
Oahu,4508112206,19.61345361815125
Oahu,4508112208,82.77871157555845
Oahu,4508112210,238.3870157729841
Oahu,4508112212,238.3870157729841
Oahu,4508112214,238.3870157729841
Oahu,4508112216,126.2671568229407
Oahu,4508112218,124.9329221947015
Oahu,4508112220,115.900976465754
Oahu,4508112222,29.0457324158168
Oahu,5007011200,32.07162825062425
Oahu,5007011202,23.23389826041265
Oahu,5007011204,23.3425041692584
Oahu,5007011206,28.22758581440395
Oahu,5007011208,43.1354760037141
Oahu,5007011210,171.32958765100503
Oahu,5007011212,345.367721429227
Oahu,5007011214,590.4784084788836
Oahu,5007011216,179.802846094965
Oahu,5007011218,179.802846094965
Oahu,5007011220,166.8041143010415
Oahu,5007011222,41.80247498843925
Oahu,5007011900,32.07162825062425
Oahu,5007011902,23.23389826041265
Oahu,5007011904,23.3425041692584
Oahu,5007011906,28.22758581440395
Oahu,5007011908,265.97892381305496
Oahu,5007011910,330.3730236775316
Oahu,5007011912,333.11478085492536
Oahu,5007011914,285.3366433434164
Oahu,5007011916,115.31066796886628
Oahu,5007011918,179.802846094965
Oahu,5007011920,166.8041143010415
Oahu,5007011922,41.80247498843925
Oahu,5007021200,32.07162825062425
Oahu,5007021202,23.23389826041265
Oahu,5007021204,23.3425041692584
Oahu,5007021206,28.22758581440395
Oahu,5007021208,266.02280793155893
Oahu,5007021210,266.02280793155893
Oahu,5007021212,266.02280793155893
Oahu,5007021214,266.02280793155893
Oahu,5007021216,266.0228079315589
Oahu,5007021218,179.802846094965
Oahu,5007021220,166.8041143010415
Oahu,5007021222,41.80247498843925
Oahu,5007050200,32.07162825062425
Oahu,5007050202,23.23389826041265
Oahu,5007050204,23.3425041692584
Oahu,5007050206,28.22758581440395
Oahu,5007050208,266.02280793155893
Oahu,5007050210,266.02280793155893
Oahu,5007050212,266.02280793155893
Oahu,5007050214,266.02280793155893
Oahu,5007050216,266.0228079315589
Oahu,5007050218,179.802846094965
Oahu,5007050220,166.8041143010415
Oahu,5007050222,41.80247498843925
Oahu,5007092200,32.07162825062425
Oahu,5007092202,23.23389826041265
Oahu,5007092204,23.3425041692584
Oahu,5007092206,28.22758581440395
Oahu,5007092208,266.0228079315589
Oahu,5007092210,266.02280793155893
Oahu,5007092212,266.02280793155893
Oahu,5007092214,266.02280793155893
Oahu,5007092216,266.02280793155893
Oahu,5007092218,179.802846094965
Oahu,5007092220,166.8041143010415
Oahu,5007092222,41.80247498843925
Oahu,5007102700,32.07162825062425
Oahu,5007102702,23.3425041692584
Oahu,5007102704,23.3425041692584
Oahu,5007102706,28.22758581440395
Oahu,5007102708,266.0010867497898
Oahu,5007102710,266.0010867497898
Oahu,5007102712,266.0010867497898
Oahu,5007102714,266.0010867497898
Oahu,5007102716,266.0010867497898
Oahu,5007102718,179.802846094965
Oahu,5007102720,166.8041143010415
Oahu,5007102722,41.80247498843925
Oahu,5007121500,32.07162825062425
Oahu,5007121502,23.23389826041265
Oahu,5007121504,23.3425041692584
Oahu,5007121506,28.22758581440395
Oahu,5007121508,43.1354760037141
Oahu,5007121510,265.3290854043959
Oahu,5007121512,662.0437860597547
Oahu,5007121514,179.802846094965
Oahu,5007121516,179.802846094965
Oahu,5007121518,179.802846094965
Oahu,5007121520,166.8041143010415
Oahu,5007121522,41.80247498843925
Oahu,5008022000,32.07162825062425
Oahu,5008022002,23.23389826041265
Oahu,5008022004,23.3425041692584
Oahu,5008022006,28.22758581440395
Oahu,5008022008,43.1354760037141
Oahu,5008022010,391.79988129858174
Oahu,5008022012,391.79988129858174
Oahu,5008022014,391.79988129858174
Oahu,5008022016,111.57891975833525
Oahu,5008022018,179.802846094965
Oahu,5008022020,166.8041143010415
Oahu,5008022022,41.80247498843925
Oahu,5008041000,32.07162825062425
Oahu,5008041002,23.23389826041265
Oahu,5008041004,23.3425041692584
Oahu,5008041006,28.22758581440395
Oahu,5008041008,46.61688629107671
Oahu,5008041010,320.8742883416795
Oahu,5008041012,320.8742883416795
Oahu,5008041014,320.8742883416795
Oahu,5008041016,320.8742883416795
Oahu,5008041018,179.802846094965
Oahu,5008041020,166.8041143010415
Oahu,5008041022,41.80247498843925
Oahu,5008061700,32.07162825062425
Oahu,5008061702,23.23389826041265
Oahu,5008061704,23.3425041692584
Oahu,5008061706,28.22758581440395
Oahu,5008061708,55.598548835018335
Oahu,5008061710,364.9042149092704
Oahu,5008061712,364.9042149092704
Oahu,5008061714,364.9042149092704
Oahu,5008061716,179.802846094965
Oahu,5008061718,179.802846094965
Oahu,5008061720,166.8041143010415
Oahu,5008061722,41.80247498843925
Oahu,5008081800,32.07162825062425
Oahu,5008081802,23.3425041692584
Oahu,5008081804,23.3425041692584
Oahu,5008081806,28.22758581440395
Oahu,5008081808,266.0010867497898
Oahu,5008081810,266.0010867497898
Oahu,5008081812,266.0010867497898
Oahu,5008081814,266.0010867497898
Oahu,5008081816,266.0010867497898
Oahu,5008081818,179.802846094965
Oahu,5008081820,166.8041143010415
Oahu,5008081822,41.80247498843925
Oahu,5008091000,32.07162825062425
Oahu,5008091002,23.23389826041265
Oahu,5008091004,23.3425041692584
Oahu,5008091006,28.22758581440395
Oahu,5008091008,266.02280793155893
Oahu,5008091010,266.02280793155893
Oahu,5008091012,266.02280793155893
Oahu,5008091014,266.02280793155893
Oahu,5008091016,266.0228079315589
Oahu,5008091018,179.802846094965
Oahu,5008091020,166.8041143010415
Oahu,5008091022,41.80247498843925
Oahu,5008112200,32.07162825062425
Oahu,5008112202,23.23389826041265
Oahu,5008112204,23.3425041692584
Oahu,5008112206,28.22758581440395
Oahu,5008112208,99.6010451290979
Oahu,5008112210,350.23671614457726
Oahu,5008112212,350.23671614457726
Oahu,5008112214,350.23671614457726
Oahu,5008112216,179.802846094965
Oahu,5008112218,179.802846094965
Oahu,5008112220,166.8041143010415
Oahu,5008112222,41.80247498843925
