load_zone,timestamp,ZoneTotalCentralDispatch,ZoneTotalDistributedDispatch,GeneratePumpedHydro,zone_demand_mw,StorageNetCharge,ChargeEVs,ShiftDemand,StorePumpedHydro
Oahu,2020-01-12 00:00,735.426,0,0,673.598,0,0.593181,61.2339,0
Oahu,2020-01-12 02:00,747.639,0,0,625.633,0,16.0487,105.957,0
Oahu,2020-01-12 04:00,742.61,0,0,679.688,0,0.431732,62.4906,0
Oahu,2020-01-12 06:00,818.901,0,0,909.31,0,0.522084,-90.931,0
Oahu,2020-01-12 08:00,928.237,0,0,990.328,0,0.797813,-62.8891,0
Oahu,2020-01-12 10:00,1110.32,0,0,1040.2,0,1.37076,68.745,0
Oahu,2020-01-12 12:00,1103.4,0,0,1042.7,27.4,1.57161,31.7331,0
Oahu,2020-01-12 14:00,1158.63,0,0,1030.51,0,1.91641,126.205,0
Oahu,2020-01-12 16:00,986.857,0,0,1003.21,8.09,3.32555,-27.7691,0
Oahu,2020-01-12 18:00,947.031,0,0,1048.56,0,3.32555,-104.856,0
Oahu,2020-01-12 20:00,860.42,0,0,952.594,0,3.08513,-95.2594,0
Oahu,2020-01-12 22:00,737.07,0,0,810.957,0,0.773159,-74.6594,0
Oahu,2020-01-19 00:00,772.491,0,0,640.244,0,0.593181,131.654,0
Oahu,2020-01-19 02:00,771.461,0,0,593.358,0,0.429723,177.674,0
Oahu,2020-01-19 04:00,751.164,0,0,655.093,16.55,0.431732,79.0894,0
Oahu,2020-01-19 06:00,796.56,0,0,884.486,0,0.522084,-88.4486,0
Oahu,2020-01-19 08:00,862.551,0,0,954.249,0,0.797813,-92.4956,0
Oahu,2020-01-19 10:00,1032.72,0,0,995.567,0.597068,1.37076,35.1888,0
Oahu,2020-01-19 12:00,1097.85,0,0,1010.23,0,1.57161,86.0483,0
Oahu,2020-01-19 14:00,1065.24,0,0,1006.84,31.941,1.91641,24.5417,0
Oahu,2020-01-19 16:00,907.239,0,0,983.535,0,18.9446,-95.24,0
Oahu,2020-01-19 18:00,931.889,0,0,1031.74,0,3.32555,-103.174,0
Oahu,2020-01-19 20:00,849.582,0,0,940.552,0,3.08513,-94.0552,0
Oahu,2020-01-19 22:00,738.659,0,0,798.668,0,0.773159,-60.7826,0
Oahu,2020-02-12 00:00,642.745,0,0,583.986,25,16.9011,16.8582,0
Oahu,2020-02-12 02:00,636.769,0,0,548.236,25.33,0.429723,62.7734,0
Oahu,2020-02-12 04:00,620.405,0,0,618.556,20.65,0.431732,-19.2335,0
Oahu,2020-02-12 06:00,762.879,0,0,847.063,0,0.522084,-84.7063,0
Oahu,2020-02-12 08:00,824.037,0,0,914.074,0,1.37076,-91.4074,0
Oahu,2020-02-12 10:00,1108.02,0,0,956.763,20.54,1.37076,129.343,0
Oahu,2020-02-12 12:00,1127.22,0,0,974.081,0,1.57161,151.57,0
Oahu,2020-02-12 14:00,1141.12,0,0,977.281,14.95,1.91641,146.977,0
Oahu,2020-02-12 16:00,936.844,0,0,971.466,0,2.06371,-36.6857,0
Oahu,2020-02-12 18:00,946.29,0,0,1047.74,0,3.32555,-104.774,0
Oahu,2020-02-12 20:00,855.589,0,0,947.227,0,3.08513,-94.7227,0
Oahu,2020-02-12 22:00,684.701,0,0,759.919,0,0.773159,-75.9919,0
Oahu,2020-02-20 00:00,723.748,0,0,640.175,0,0.593181,82.9797,0
Oahu,2020-02-20 02:00,724.776,0,0,596.007,0,17.3106,111.459,0
Oahu,2020-02-20 04:00,723.743,0,0,658.244,20,0.431732,45.067,0
Oahu,2020-02-20 06:00,788.855,0,0,875.926,0,0.522084,-87.5926,0
Oahu,2020-02-20 08:00,970.87,0,0,962.432,0,0.797813,7.64051,0
Oahu,2020-02-20 10:00,1112.87,0,0,1015.1,27.2888,1.37076,69.1166,0
Oahu,2020-02-20 12:00,1171.58,0,0,1033.11,0,1.57161,136.898,0
Oahu,2020-02-20 14:00,1058.2,0,0,1037.52,0,1.91641,18.7605,0
Oahu,2020-02-20 16:00,928.582,0,0,1029.47,0,2.06371,-102.947,0
Oahu,2020-02-20 18:00,967.304,0,0,1071.09,0,3.32555,-107.109,0
Oahu,2020-02-20 20:00,873.548,0,0,967.181,0,3.08513,-96.7181,0
Oahu,2020-02-20 22:00,728.353,0,0,775.552,29.5828,0.773159,-77.5552,0
Oahu,2020-04-10 00:00,724.417,0,0,619.596,0,0.593181,104.227,0
Oahu,2020-04-10 02:00,727.178,0,0,586.944,0,0.429723,139.804,0
Oahu,2020-04-10 04:00,728.502,0,0,663.142,0,0.431732,64.9283,0
Oahu,2020-04-10 06:00,795.757,0,0,883.594,0,0.522084,-88.3594,0
Oahu,2020-04-10 08:00,882.143,0,0,965.35,0,13.3274,-96.535,0
Oahu,2020-04-10 10:00,1052.49,0,0,1007.58,0,1.37076,43.5407,0
Oahu,2020-04-10 12:00,1107.4,0,0,999.09,0,5.92287,102.392,0
Oahu,2020-04-10 14:00,1018.69,0,0,1017.9,21.2162,1.91641,-22.349,0
Oahu,2020-04-10 16:00,1003.38,0,0,1011.49,6.04592,2.06371,-16.2184,0
Oahu,2020-04-10 18:00,963.071,0,0,1066.38,0,3.32555,-106.638,0
Oahu,2020-04-10 20:00,891.14,0,0,986.728,0,3.08513,-98.6728,0
Oahu,2020-04-10 22:00,768.071,0,0,793.417,0,0.773159,-26.1187,0
Oahu,2020-05-02 00:00,770.296,0,0,652.432,0,0.593181,117.271,0
Oahu,2020-05-02 02:00,676.912,0,0,611.79,0,0.429723,64.6915,0
Oahu,2020-05-02 04:00,657.49,0,0,659.856,0,0.431732,-2.79799,0
Oahu,2020-05-02 06:00,802.065,0,0,890.603,0,0.522084,-89.0603,0
Oahu,2020-05-02 08:00,986.869,0,0,980.892,7.94413,0.797813,-2.76498,0
Oahu,2020-05-02 10:00,1189.9,0,0,1026.74,31.941,1.37076,129.849,0
Oahu,2020-05-02 12:00,1121.78,0,0,1044.48,0,6.74857,70.5471,0
Oahu,2020-05-02 14:00,1136.27,0,0,1046.16,0,1.91641,88.1943,0
Oahu,2020-05-02 16:00,948.083,0,0,1027.06,12.004,2.06371,-93.041,0
Oahu,2020-05-02 18:00,940.085,0,0,1040.84,0,3.32555,-104.084,0
Oahu,2020-05-02 20:00,890.019,0,0,985.482,0,3.08513,-98.5482,0
Oahu,2020-05-02 22:00,765.063,0,0,802.563,30.2791,12.477,-80.2563,0
Oahu,2020-06-17 00:00,765.464,0,0,700.107,0,0.593181,64.7635,0
Oahu,2020-06-17 02:00,761.3,0,0,652.388,0,0.429723,108.482,0
Oahu,2020-06-17 04:00,747.027,0,0,706.753,0,0.431732,39.8427,0
Oahu,2020-06-17 06:00,804.256,0,0,893.037,0,0.522084,-89.3037,0
Oahu,2020-06-17 08:00,1007.79,0,0,1016.47,0,16.4168,-25.0993,0
Oahu,2020-06-17 10:00,1147.13,0,0,1070.04,0,1.37076,75.7262,0
Oahu,2020-06-17 12:00,1194.25,0,0,1085.74,23.2113,1.57161,83.7337,0
Oahu,2020-06-17 14:00,1190.91,0,0,1080.62,31.941,1.91641,76.4251,0
Oahu,2020-06-17 16:00,1019.54,0,0,1060.32,0,3.32555,-44.1096,0
Oahu,2020-06-17 18:00,946.516,0,0,1047.99,0,3.32555,-104.799,0
Oahu,2020-06-17 20:00,921.172,0,0,1020.1,0,3.08513,-102.01,0
Oahu,2020-06-17 22:00,753.668,0,0,836.516,0.0296984,0.773159,-83.6516,0
Oahu,2020-08-18 00:00,779.406,0,0,699.457,0,0.593181,79.3563,0
Oahu,2020-08-18 02:00,778.777,0,0,658.588,2.2,0.429723,117.559,0
Oahu,2020-08-18 04:00,748.155,0,0,711.298,0,0.431732,36.4251,0
Oahu,2020-08-18 06:00,833.158,0,0,925.151,0,0.522084,-92.5151,0
Oahu,2020-08-18 08:00,1078.47,0,0,1050.28,0,0.797813,27.3927,0
Oahu,2020-08-18 10:00,1215.41,0,0,1108.77,31.941,1.37076,73.3269,0
Oahu,2020-08-18 12:00,1304.94,0,0,1130.62,17.1741,18.4525,138.692,0
Oahu,2020-08-18 14:00,1181.15,0,0,1134.03,19.6649,1.91641,25.5405,0
Oahu,2020-08-18 16:00,1005.87,0,0,1111.38,0,2.06371,-107.568,0
Oahu,2020-08-18 18:00,978.714,0,0,1083.76,0,3.32555,-108.376,0
Oahu,2020-08-18 20:00,947.238,0,0,1049.06,0,3.08513,-104.906,0
Oahu,2020-08-18 22:00,765.123,0,0,849.278,0,0.773159,-84.9278,0
Oahu,2020-09-10 00:00,760.33,0,0,697.96,0,0.593181,61.777,0
Oahu,2020-09-10 02:00,758.567,0,0,656.078,0,0.429723,102.059,0
Oahu,2020-09-10 04:00,755.6,0,0,711.819,0,0.964694,42.8166,0
Oahu,2020-09-10 06:00,828.707,0,0,920.206,0,0.522084,-92.0206,0
Oahu,2020-09-10 08:00,1022.68,0,0,1028.21,0,0.797813,-6.3331,0
Oahu,2020-09-10 10:00,1161.74,0,0,1092.3,0,1.37076,68.0688,0
Oahu,2020-09-10 12:00,1254.63,0,0,1102.78,31.941,1.57161,118.332,0
Oahu,2020-09-10 14:00,1191.76,0,0,1102.82,0,1.91641,87.0264,0
Oahu,2020-09-10 16:00,1021.67,0,0,1089.96,16.6743,2.06371,-87.0351,0
Oahu,2020-09-10 18:00,995.327,0,0,1102.22,0,3.32555,-110.222,0
Oahu,2020-09-10 20:00,921.841,0,0,1020.84,0,3.08513,-102.084,0
Oahu,2020-09-10 22:00,758.584,0,0,823.848,0,17.121,-82.3848,0
Oahu,2020-09-22 00:00,749.854,0,0,722.167,0,17.474,10.2125,0
Oahu,2020-09-22 02:00,752.586,0,0,669.027,0,0.429723,83.1299,0
Oahu,2020-09-22 04:00,758.102,0,0,683.821,31.941,0.431732,41.9088,0
Oahu,2020-09-22 06:00,724.45,0,0,804.365,0,0.522084,-80.4365,0
Oahu,2020-09-22 08:00,976.172,0,0,976.266,0,0.797813,-0.891332,0
Oahu,2020-09-22 10:00,1074.55,0,0,1038.15,0,1.37076,35.0287,0
Oahu,2020-09-22 12:00,1211.83,0,0,1039.55,25.9269,1.57161,144.782,0
Oahu,2020-09-22 14:00,1143.96,0,0,1033.26,0,1.91641,108.781,0
Oahu,2020-09-22 16:00,978.127,0,0,1021.63,11.0035,2.06371,-56.5746,0
Oahu,2020-09-22 18:00,942.422,0,0,1043.44,0,3.32555,-104.344,0
Oahu,2020-09-22 20:00,870.278,0,0,963.548,0,3.08513,-96.3548,0
Oahu,2020-09-22 22:00,767.944,0,0,852.412,0,0.773159,-85.2412,0
Oahu,2020-10-27 00:00,773.684,0,0,711.863,0,0.593181,61.2279,0
Oahu,2020-10-27 02:00,761.762,0,0,658.658,0,0.431732,102.672,0
Oahu,2020-10-27 04:00,728.475,0,0,678.088,0,0.431732,49.9558,0
Oahu,2020-10-27 06:00,761.71,0,0,796.913,0,0.522084,-35.725,0
Oahu,2020-10-27 08:00,1076.37,0,0,974.995,11.05,0.797813,89.5295,0
Oahu,2020-10-27 10:00,1048.05,0,0,1029.95,0,1.37076,16.7323,0
Oahu,2020-10-27 12:00,1097.73,0,0,1029.57,16.1508,1.57161,50.4332,0
Oahu,2020-10-27 14:00,1022.11,0,0,1000.48,0,1.91641,19.7209,0
Oahu,2020-10-27 16:00,889.403,0,0,984.87,0,3.02058,-98.487,0
Oahu,2020-10-27 18:00,928.392,0,0,1027.85,0,3.32555,-102.785,0
Oahu,2020-10-27 20:00,859.597,0,0,951.68,0,3.08513,-95.168,0
Oahu,2020-10-27 22:00,795.412,0,0,836.823,0,16.6951,-58.1063,0
Oahu,2020-11-22 00:00,733.142,0,0,660.521,0,0.593181,72.0278,0
Oahu,2020-11-22 02:00,723.582,0,0,604.651,0,0.429723,118.502,0
Oahu,2020-11-22 04:00,722.007,0,0,624.049,8.9245,17.3126,71.7214,0
Oahu,2020-11-22 06:00,722.779,0,0,735.13,0,0.522084,-12.8727,0
Oahu,2020-11-22 08:00,888.971,0,0,885.23,8.69453,0.797813,-5.75141,0
Oahu,2020-11-22 10:00,957.773,0,0,948.834,0,1.37076,7.56886,0
Oahu,2020-11-22 12:00,980.083,0,0,935.719,0,1.57161,42.7924,0
Oahu,2020-11-22 14:00,938.98,0,0,900.074,0,1.91641,36.9905,0
Oahu,2020-11-22 16:00,850.642,0,0,922.028,0,2.06371,-73.4498,0
Oahu,2020-11-22 18:00,867.49,0,0,960.182,0,3.32555,-96.0182,0
Oahu,2020-11-22 20:00,790.925,0,0,875.378,0,3.08513,-87.5378,0
Oahu,2020-11-22 22:00,723.595,0,0,764.854,31.941,0.773159,-73.9732,0
Oahu,2020-12-15 00:00,760.705,0,0,681.151,0,0.593181,78.9612,0
Oahu,2020-12-15 02:00,766.647,0,0,621.793,0,0.429723,144.424,0
Oahu,2020-12-15 04:00,667.939,0,0,644.066,0,0.431732,23.4411,0
Oahu,2020-12-15 06:00,684.803,0,0,760.313,0,0.522084,-76.0313,0
Oahu,2020-12-15 08:00,831.915,0,0,916.36,0,0.797813,-85.2427,0
Oahu,2020-12-15 10:00,1032.88,0,0,962.441,14.95,15.9396,39.5457,0
Oahu,2020-12-15 12:00,1100.51,0,0,951.698,0,1.57161,147.245,0
Oahu,2020-12-15 14:00,977.714,0,0,923.409,2.56847,1.91641,49.8203,0
Oahu,2020-12-15 16:00,844.973,0,0,936.566,0,2.06371,-93.6566,0
Oahu,2020-12-15 18:00,898.842,0,0,995.019,0,3.32555,-99.5019,0
Oahu,2020-12-15 20:00,833.297,0,0,922.458,0,3.08513,-92.2458,0
Oahu,2020-12-15 22:00,769.612,0,0,803.286,0,3.08513,-36.7587,0
Oahu,2023-01-12 00:00,663.032,0,0,665.576,0,1.06127,-3.60591,0
Oahu,2023-01-12 02:00,669.247,0,0,620.273,3.89802,30.6114,14.4651,0
Oahu,2023-01-12 04:00,647.328,0,0,671.328,42.3611,0.772422,-67.1328,0
Oahu,2023-01-12 06:00,800.321,0,0,888.208,0,0.934073,-88.8208,0
Oahu,2023-01-12 08:00,979.793,0,0,964.73,0,1.42739,13.6348,0
Oahu,2023-01-12 10:00,1262.53,0,0,1011.84,151.401,2.8118,96.4813,0
Oahu,2023-01-12 12:00,1237.29,0,0,1014.2,151.401,2.8118,68.8837,0
Oahu,2023-01-12 14:00,1312.58,0,0,1002.68,0,3.4287,306.465,0
Oahu,2023-01-12 16:00,1092.29,0,0,976.898,177.659,3.69223,-65.9571,0
Oahu,2023-01-12 18:00,923.709,0,0,1019.73,0,5.94982,-101.973,0
Oahu,2023-01-12 20:00,841.701,0,0,929.09,0,5.51968,-92.909,0
Oahu,2023-01-12 22:00,717.164,0,0,795.312,0,1.38328,-79.5312,0
Oahu,2023-01-19 00:00,676.722,0,0,634.073,0,8.23292,34.4163,0
Oahu,2023-01-19 02:00,675.433,0,0,589.788,0,0.768828,84.8761,0
Oahu,2023-01-19 04:00,658.028,0,0,648.097,51.963,22.7776,-64.8097,0
Oahu,2023-01-19 06:00,779.22,0,0,864.762,0,0.934073,-86.4762,0
Oahu,2023-01-19 08:00,999.713,0,0,930.653,0,2.45245,66.6074,0
Oahu,2023-01-19 10:00,1212.22,0,0,969.679,170.754,2.45245,69.338,0
Oahu,2023-01-19 12:00,1263.09,0,0,983.531,92.7324,2.8118,184.013,0
Oahu,2023-01-19 14:00,1231.34,0,0,980.327,169.192,3.4287,78.3928,0
Oahu,2023-01-19 16:00,866.175,0,0,958.314,0,3.69223,-95.8314,0
Oahu,2023-01-19 18:00,909.408,0,0,1003.84,0,5.94982,-100.384,0
Oahu,2023-01-19 20:00,831.465,0,0,917.717,0,5.51968,-91.7717,0
Oahu,2023-01-19 22:00,706.719,0,0,783.706,0,1.38328,-78.3706,0
Oahu,2023-02-12 00:00,552.07,0,0,580.936,0,1.06127,-29.9277,0
Oahu,2023-02-12 02:00,541.753,0,0,547.17,0,30.9708,-36.3874,0
Oahu,2023-02-12 04:00,562.409,0,0,613.588,0,0.772422,-51.952,0
Oahu,2023-02-12 06:00,747.408,0,0,829.415,0,0.934073,-82.9415,0
Oahu,2023-02-12 08:00,961.034,0,0,892.708,143.634,1.42739,-76.7355,0
Oahu,2023-02-12 10:00,1287.3,0,0,933.028,160.557,2.45245,191.259,0
Oahu,2023-02-12 12:00,1296.27,0,0,949.385,160.017,2.8118,184.058,0
Oahu,2023-02-12 14:00,1318.79,0,0,952.407,159.385,3.4287,203.572,0
Oahu,2023-02-12 16:00,1080.07,0,0,946.915,161.401,3.69223,-31.9362,0
Oahu,2023-02-12 18:00,923.009,0,0,1018.95,0,5.94982,-101.895,0
Oahu,2023-02-12 20:00,837.139,0,0,924.021,0,5.51968,-92.4021,0
Oahu,2023-02-12 22:00,673.78,0,0,747.107,0,1.38328,-74.7107,0
Oahu,2023-02-20 00:00,606.112,0,0,634.007,34.4441,1.06127,-63.4007,0
Oahu,2023-02-20 02:00,598.771,0,0,592.29,33.1816,0.768828,-27.4693,0
Oahu,2023-02-20 04:00,599.141,0,0,651.074,0,0.772422,-52.7052,0
Oahu,2023-02-20 06:00,771.943,0,0,856.676,0,0.934073,-85.6676,0
Oahu,2023-02-20 08:00,1029.7,0,0,938.382,145.06,31.3658,-85.1062,0
Oahu,2023-02-20 10:00,1346.77,0,0,988.124,151.181,2.45245,205.015,0
Oahu,2023-02-20 12:00,1352.86,0,0,1005.14,151.95,2.8118,192.956,0
Oahu,2023-02-20 14:00,1304.12,0,0,1009.31,0,3.69223,291.123,0
Oahu,2023-02-20 16:00,999.738,0,0,1001.7,94.5192,3.69223,-100.17,0
Oahu,2023-02-20 18:00,942.857,0,0,1041.01,0,5.94982,-104.101,0
Oahu,2023-02-20 20:00,854.101,0,0,942.868,0,5.51968,-94.2868,0
Oahu,2023-02-20 22:00,687.069,0,0,761.873,0,1.38328,-76.1873,0
Oahu,2023-04-10 00:00,727.433,0,0,614.571,69.9223,1.06127,41.8786,0
Oahu,2023-04-10 02:00,731.268,0,0,583.73,76.9455,28.7132,41.8786,0
Oahu,2023-04-10 04:00,734.154,0,0,655.7,0,0.772422,77.6811,0
Oahu,2023-04-10 06:00,778.461,0,0,863.919,0,0.934073,-86.3919,0
Oahu,2023-04-10 08:00,865.721,0,0,941.139,0,1.42739,-76.8449,0
Oahu,2023-04-10 10:00,1082.28,0,0,981.021,0,2.45245,98.8068,0
Oahu,2023-04-10 12:00,1100.97,0,0,973.006,0,2.8118,125.152,0
Oahu,2023-04-10 14:00,1046.01,0,0,990.775,0,3.4287,51.8029,0
Oahu,2023-04-10 16:00,1052.1,0,0,984.717,57.737,5.94982,3.70044,0
Oahu,2023-04-10 18:00,938.859,0,0,1036.57,0,5.94982,-103.657,0
Oahu,2023-04-10 20:00,870.717,0,0,961.33,0,5.51968,-96.133,0
Oahu,2023-04-10 22:00,747.28,0,0,778.746,45.0259,1.38328,-77.8746,0
Oahu,2023-05-02 00:00,594.917,0,0,645.584,12.8304,1.06127,-64.5584,0
Oahu,2023-05-02 02:00,576.357,0,0,607.198,29.107,0.772422,-60.7198,0
Oahu,2023-05-02 04:00,588.109,0,0,652.596,0,0.772422,-65.2596,0
Oahu,2023-05-02 06:00,784.419,0,0,870.539,0,0.934073,-87.0539,0
Oahu,2023-05-02 08:00,1152.4,0,0,955.818,142.524,1.42739,52.6336,0
Oahu,2023-05-02 10:00,1410.32,0,0,999.118,187.822,32.6508,190.725,0
Oahu,2023-05-02 12:00,1325.58,0,0,1015.88,0,2.8118,306.891,0
Oahu,2023-05-02 14:00,1266.5,0,0,1017.46,164.085,3.4287,81.5214,0
Oahu,2023-05-02 16:00,1085.64,0,0,999.421,160.711,3.69223,-78.1809,0
Oahu,2023-05-02 18:00,917.149,0,0,1012.44,0,5.94982,-101.244,0
Oahu,2023-05-02 20:00,869.658,0,0,960.153,0,5.51968,-96.0153,0
Oahu,2023-05-02 22:00,710.03,0,0,787.385,0,1.38328,-78.7385,0
Oahu,2023-06-17 00:00,718.038,0,0,690.614,50.8733,31.1016,-54.5507,0
Oahu,2023-06-17 02:00,667.951,0,0,645.543,38.9032,0.768828,-17.2638,0
Oahu,2023-06-17 04:00,677.001,0,0,696.891,43.4282,0.934073,-64.252,0
Oahu,2023-06-17 06:00,786.489,0,0,872.838,0,0.934073,-87.2838,0
Oahu,2023-06-17 08:00,1090.87,0,0,989.423,0,1.42739,100.023,0
Oahu,2023-06-17 10:00,1315.76,0,0,1040.02,152.862,2.45245,120.433,0
Oahu,2023-06-17 12:00,1345.93,0,0,1054.84,167.844,2.8118,120.433,0
Oahu,2023-06-17 14:00,1284.79,0,0,1050.02,0,3.4287,231.341,0
Oahu,2023-06-17 16:00,995.494,0,0,1030.84,26.6909,3.69223,-65.7314,0
Oahu,2023-06-17 18:00,923.223,0,0,1019.19,0,5.94982,-101.919,0
Oahu,2023-06-17 20:00,899.082,0,0,992.847,0,5.51968,-99.2847,0
Oahu,2023-06-17 22:00,738.892,0,0,819.454,0,1.38328,-81.9454,0
Oahu,2023-08-18 00:00,624.977,0,0,689.999,2.91657,1.06127,-68.9999,0
Oahu,2023-08-18 02:00,622.486,0,0,651.398,35.459,0.768828,-65.1398,0
Oahu,2023-08-18 04:00,631.838,0,0,701.184,0,0.772422,-70.1184,0
Oahu,2023-08-18 06:00,813.787,0,0,903.17,0,0.934073,-90.317,0
Oahu,2023-08-18 08:00,1264.53,0,0,1021.35,183.411,1.42739,58.3371,0
Oahu,2023-08-18 10:00,1442.75,0,0,1076.6,189.455,2.45245,174.245,0
Oahu,2023-08-18 12:00,1525.59,0,0,1097.24,133.947,2.8118,291.592,0
Oahu,2023-08-18 14:00,1440.21,0,0,1100.46,194.189,3.4287,142.136,0
Oahu,2023-08-18 16:00,1220.27,0,0,1079.06,188.581,33.8942,-81.2665,0
Oahu,2023-08-18 18:00,953.634,0,0,1052.98,0,5.94982,-105.298,0
Oahu,2023-08-18 20:00,923.701,0,0,1020.2,0,5.51968,-102.02,0
Oahu,2023-08-18 22:00,749.74,0,0,831.507,0,1.38328,-83.1507,0
Oahu,2023-09-10 00:00,664.897,0,0,688.586,44.1085,1.06127,-68.8586,0
Oahu,2023-09-10 02:00,655.801,0,0,649.028,61.6965,0.768828,-55.6927,0
Oahu,2023-09-10 04:00,653.165,0,0,701.675,20.8846,0.772422,-70.1675,0
Oahu,2023-09-10 06:00,809.583,0,0,898.499,0,0.934073,-89.8499,0
Oahu,2023-09-10 08:00,1186.92,0,0,1000.51,0,1.42739,184.987,0
Oahu,2023-09-10 10:00,1317.53,0,0,1061.04,57.737,32.6544,166.099,0
Oahu,2023-09-10 12:00,1430.2,0,0,1070.94,178.533,2.8118,177.908,0
Oahu,2023-09-10 14:00,1352.65,0,0,1070.98,178.858,3.4287,99.3859,0
Oahu,2023-09-10 16:00,1179.67,0,0,1058.84,173.801,3.69223,-56.6648,0
Oahu,2023-09-10 18:00,969.325,0,0,1070.42,0,5.94982,-107.042,0
Oahu,2023-09-10 20:00,899.714,0,0,993.549,0,5.51968,-99.3549,0
Oahu,2023-09-10 22:00,728.123,0,0,807.488,0,1.38328,-80.7488,0
Oahu,2023-09-22 00:00,641.366,0,0,711.45,0,1.06127,-71.145,0
Oahu,2023-09-22 02:00,613.324,0,0,661.258,0,0.768828,-48.7033,0
Oahu,2023-09-22 04:00,621.872,0,0,675.231,13.3919,0.772422,-67.5231,0
Oahu,2023-09-22 06:00,711.111,0,0,789.086,0,0.934073,-78.9086,0
Oahu,2023-09-22 08:00,1168.9,0,0,951.449,187.28,1.42739,28.7399,0
Oahu,2023-09-22 10:00,1300.75,0,0,1009.9,57.737,2.45245,230.666,0
Oahu,2023-09-22 12:00,1402.65,0,0,1011.22,214.6,32.7502,144.083,0
Oahu,2023-09-22 14:00,1364.83,0,0,1005.28,184.967,3.69223,170.889,0
Oahu,2023-09-22 16:00,1150.35,0,0,994.3,181.577,3.69223,-29.2181,0
Oahu,2023-09-22 18:00,919.356,0,0,1014.9,0,5.94982,-101.49,0
Oahu,2023-09-22 20:00,851.012,0,0,939.436,0,5.51968,-93.9436,0
Oahu,2023-09-22 22:00,752.404,0,0,834.467,0,1.38328,-83.4467,0
Oahu,2023-10-27 00:00,632.607,0,0,701.717,0,1.06127,-70.1717,0
Oahu,2023-10-27 02:00,631.442,0,0,651.465,0,0.768828,-20.7919,0
Oahu,2023-10-27 04:00,604.586,0,0,669.816,0,1.75109,-66.9816,0
Oahu,2023-10-27 06:00,704.777,0,0,782.048,0,0.934073,-78.2048,0
Oahu,2023-10-27 08:00,1170.22,0,0,950.248,21.75,1.42739,196.795,0
Oahu,2023-10-27 10:00,1254.86,0,0,1002.15,146.042,31.6757,74.9976,0
Oahu,2023-10-27 12:00,1330.5,0,0,1001.8,161.785,2.8118,164.105,0
Oahu,2023-10-27 14:00,1148.77,0,0,974.316,0,3.4287,171.023,0
Oahu,2023-10-27 16:00,867.31,0,0,959.575,0,3.69223,-95.9575,0
Oahu,2023-10-27 18:00,906.105,0,0,1000.17,0,5.94982,-100.017,0
Oahu,2023-10-27 20:00,840.924,0,0,928.227,0,5.51968,-92.8227,0
Oahu,2023-10-27 22:00,739.152,0,0,819.743,0,1.38328,-81.9743,0
Oahu,2023-11-22 00:00,732.396,0,0,653.224,29.6757,1.06127,48.4348,0
Oahu,2023-11-22 02:00,709.481,0,0,600.454,0,30.9708,78.0565,0
Oahu,2023-11-22 04:00,666.708,0,0,618.776,0,0.772422,47.1595,0
Oahu,2023-11-22 06:00,668.038,0,0,723.693,0,0.934073,-56.5886,0
Oahu,2023-11-22 08:00,861.279,0,0,865.464,0,1.42739,-5.61245,0
Oahu,2023-11-22 10:00,1049.21,0,0,925.538,0,2.45245,121.217,0
Oahu,2023-11-22 12:00,1091.23,0,0,913.151,57.737,2.8118,117.528,0
Oahu,2023-11-22 14:00,1046.89,0,0,879.484,169.729,3.4287,-5.75359,0
Oahu,2023-11-22 16:00,838.585,0,0,900.22,24.6948,3.69223,-90.022,0
Oahu,2023-11-22 18:00,848.582,0,0,936.258,0,5.94982,-93.6258,0
Oahu,2023-11-22 20:00,776.062,0,0,856.159,0,5.51968,-85.6159,0
Oahu,2023-11-22 22:00,677.975,0,0,751.768,0,1.38328,-75.1768,0
Oahu,2023-12-15 00:00,606.5,0,0,672.709,0,1.06127,-67.2709,0
Oahu,2023-12-15 02:00,623.21,0,0,616.645,0,0.768828,5.79534,0
Oahu,2023-12-15 04:00,612.006,0,0,637.682,17.262,0.772422,-43.7107,0
Oahu,2023-12-15 06:00,673.665,0,0,747.479,0,0.934073,-74.7479,0
Oahu,2023-12-15 08:00,912.09,0,0,894.866,0,1.42739,15.7964,0
Oahu,2023-12-15 10:00,1165.59,0,0,938.391,134.391,2.45245,90.3536,0
Oahu,2023-12-15 12:00,1279.97,0,0,928.244,160.935,3.4287,187.363,0
Oahu,2023-12-15 14:00,1148.55,0,0,901.525,0,3.4287,243.601,0
Oahu,2023-12-15 16:00,887.712,0,0,913.952,31.8782,33.2773,-91.3952,0
Oahu,2023-12-15 18:00,878.194,0,0,969.161,0,5.94982,-96.9161,0
Oahu,2023-12-15 20:00,816.084,0,0,900.627,0,5.51968,-90.0627,0
Oahu,2023-12-15 22:00,710.644,0,0,788.067,0,1.38328,-78.8067,0
Oahu,2025-01-12 00:00,605.433,0,0,670.998,0,1.53439,-67.0998,0
Oahu,2025-01-12 02:00,567.554,0,0,629.38,0,1.11157,-62.938,0
Oahu,2025-01-12 04:00,609.771,0,0,676.282,0,1.11677,-67.6282,0
Oahu,2025-01-12 06:00,789.317,0,0,875.519,0,1.35049,-87.5519,0
Oahu,2025-01-12 08:00,1022.63,0,0,945.816,64.6491,42.4658,-30.3055,0
Oahu,2025-01-12 10:00,1376.46,0,0,989.092,209.111,3.54577,174.712,0
Oahu,2025-01-12 12:00,1339.61,0,0,991.258,198.301,4.06531,145.984,0
Oahu,2025-01-12 14:00,1463.15,0,0,980.683,200.729,4.95722,276.786,0
Oahu,2025-01-12 16:00,1150.52,0,0,956.994,196.926,8.60226,-11.9982,0
Oahu,2025-01-12 18:00,905.311,0,0,996.343,0,8.60226,-99.6343,0
Oahu,2025-01-12 20:00,829.748,0,0,913.075,0,7.98037,-91.3075,0
Oahu,2025-01-12 22:00,713.162,0,0,790.18,0,1.99995,-79.018,0
Oahu,2025-01-19 00:00,627.322,0,0,642.058,47.9355,1.53439,-64.2058,0
Oahu,2025-01-19 02:00,626.033,0,0,601.376,69.099,1.11157,-45.5534,0
Oahu,2025-01-19 04:00,612.626,0,0,654.941,22.0621,1.11677,-65.4941,0
Oahu,2025-01-19 06:00,769.932,0,0,853.98,0,1.35049,-85.398,0
Oahu,2025-01-19 08:00,1100.49,0,0,914.511,0,2.06372,183.911,0
Oahu,2025-01-19 10:00,1289.5,0,0,950.362,229.419,25.6386,84.0845,0
Oahu,2025-01-19 12:00,1430.35,0,0,963.087,223.022,25.6386,218.608,0
Oahu,2025-01-19 14:00,1326.42,0,0,960.143,226.889,4.95722,134.429,0
Oahu,2025-01-19 16:00,851.268,0,0,939.921,0,5.33824,-93.9921,0
Oahu,2025-01-19 18:00,892.173,0,0,981.746,0,8.60226,-98.1746,0
Oahu,2025-01-19 20:00,820.345,0,0,902.627,0,7.98037,-90.2627,0
Oahu,2025-01-19 22:00,703.566,0,0,779.518,0,1.99995,-77.9518,0
Oahu,2025-02-12 00:00,535.454,0,0,593.244,0,1.53439,-59.3244,0
Oahu,2025-02-12 02:00,507.114,0,0,562.225,0,1.11157,-56.2225,0
Oahu,2025-02-12 04:00,562.033,0,0,623.24,0,1.11677,-62.324,0
Oahu,2025-02-12 06:00,740.709,0,0,821.509,0,1.35049,-82.1509,0
Oahu,2025-02-12 08:00,951.11,0,0,879.652,157.359,2.06372,-87.9652,0
Oahu,2025-02-12 10:00,1391.79,0,0,916.693,223.37,43.9478,207.777,0
Oahu,2025-02-12 12:00,1391.18,0,0,931.718,185.97,4.06531,269.425,0
Oahu,2025-02-12 14:00,1422.1,0,0,934.495,253.925,4.95722,228.725,0
Oahu,2025-02-12 16:00,1153.51,0,0,929.449,308.406,8.60226,-92.9449,0
Oahu,2025-02-12 18:00,904.668,0,0,995.629,0,8.60226,-99.5629,0
Oahu,2025-02-12 20:00,825.557,0,0,908.418,0,7.98037,-90.8418,0
Oahu,2025-02-12 22:00,673.307,0,0,745.897,0,1.99995,-74.5897,0
Oahu,2025-02-20 00:00,579.332,0,0,641.998,0,1.53439,-64.1998,0
Oahu,2025-02-20 02:00,544.418,0,0,603.674,0,1.11157,-60.3674,0
Oahu,2025-02-20 04:00,593.025,0,0,657.676,0,1.11677,-65.7676,0
Oahu,2025-02-20 06:00,763.248,0,0,846.552,0,1.35049,-84.6552,0
Oahu,2025-02-20 08:00,1057.99,0,0,921.611,138.277,2.06372,-3.96051,0
Oahu,2025-02-20 10:00,1469.94,0,0,967.306,387.785,43.9478,70.9037,0
Oahu,2025-02-20 12:00,1463.18,0,0,982.935,138.054,4.06531,338.128,0
Oahu,2025-02-20 14:00,1370.25,0,0,986.766,140.519,4.95722,238.004,0
Oahu,2025-02-20 16:00,1020.43,0,0,979.774,130.03,8.60226,-97.9774,0
Oahu,2025-02-20 18:00,922.901,0,0,1015.89,0,8.60226,-101.589,0
Oahu,2025-02-20 20:00,841.139,0,0,925.732,0,7.98037,-92.5732,0
Oahu,2025-02-20 22:00,685.515,0,0,759.461,0,1.99995,-75.9461,0
Oahu,2025-04-10 00:00,623.533,0,0,624.142,45.5626,1.53439,-47.7064,0
Oahu,2025-04-10 02:00,627.368,0,0,595.811,47.4799,1.11157,-17.0347,0
Oahu,2025-04-10 04:00,625.225,0,0,661.926,28.3752,1.11677,-66.1926,0
Oahu,2025-04-10 06:00,769.236,0,0,853.206,0,1.35049,-85.3206,0
Oahu,2025-04-10 08:00,894.824,0,0,924.143,0,2.06372,-31.3833,0
Oahu,2025-04-10 10:00,1183.69,0,0,960.782,0,47.2118,175.696,0
Oahu,2025-04-10 12:00,1239.98,0,0,953.418,175.291,4.06531,107.207,0
Oahu,2025-04-10 14:00,1224.12,0,0,969.741,0,4.95722,249.418,0
Oahu,2025-04-10 16:00,1153.89,0,0,964.177,196.113,5.33824,-11.7376,0
Oahu,2025-04-10 18:00,919.229,0,0,1011.81,0,8.60226,-101.181,0
Oahu,2025-04-10 20:00,856.403,0,0,942.692,0,7.98037,-94.2692,0
Oahu,2025-04-10 22:00,699.465,0,0,774.961,0,1.99995,-77.4961,0
Oahu,2025-05-02 00:00,588.904,0,0,652.633,0,1.53439,-65.2633,0
Oahu,2025-05-02 02:00,556.744,0,0,617.369,0,1.11157,-61.7369,0
Oahu,2025-05-02 04:00,594.284,0,0,659.075,0,1.11677,-65.9075,0
Oahu,2025-05-02 06:00,774.709,0,0,859.287,0,1.35049,-85.9287,0
Oahu,2025-05-02 08:00,1192.98,0,0,937.629,178.65,2.06372,74.64,0
Oahu,2025-05-02 10:00,1579.32,0,0,977.406,172.388,3.54577,425.975,0
Oahu,2025-05-02 12:00,1362.27,0,0,992.805,345.585,47.7314,-23.8555,0
Oahu,2025-05-02 14:00,1352.81,0,0,994.257,182.338,4.95722,171.261,0
Oahu,2025-05-02 16:00,1061.88,0,0,977.684,176.626,5.33824,-97.7684,0
Oahu,2025-05-02 18:00,899.285,0,0,989.647,0,8.60226,-98.9647,0
Oahu,2025-05-02 20:00,855.43,0,0,941.611,0,7.98037,-94.1611,0
Oahu,2025-05-02 22:00,706.608,0,0,782.898,0,1.99995,-78.2898,0
Oahu,2025-06-17 00:00,626.134,0,0,693.999,0,1.53439,-69.3999,0
Oahu,2025-06-17 02:00,588.447,0,0,652.595,0,1.11157,-65.2595,0
Oahu,2025-06-17 04:00,630.906,0,0,699.766,0,1.11677,-69.9766,0
Oahu,2025-06-17 06:00,776.61,0,0,861.399,0,1.35049,-86.1399,0
Oahu,2025-06-17 08:00,1203.03,0,0,968.5,199.583,2.06372,32.8806,0
Oahu,2025-06-17 10:00,1430.03,0,0,1014.98,204.034,3.54577,207.476,0
Oahu,2025-06-17 12:00,1447.91,0,0,1028.6,251.124,4.06531,164.124,0
Oahu,2025-06-17 14:00,1449.31,0,0,1024.16,207.551,4.95722,212.639,0
Oahu,2025-06-17 16:00,1026.92,0,0,1006.55,19.7301,49.0043,-48.359,0
Oahu,2025-06-17 18:00,904.865,0,0,995.847,0,8.60226,-99.5847,0
Oahu,2025-06-17 20:00,882.461,0,0,971.645,0,7.98037,-97.1645,0
Oahu,2025-06-17 22:00,733.122,0,0,812.358,0,1.99995,-81.2358,0
Oahu,2025-08-18 00:00,625.626,0,0,693.435,0,1.53439,-69.3435,0
Oahu,2025-08-18 02:00,593.288,0,0,657.974,0,1.11157,-65.7974,0
Oahu,2025-08-18 04:00,634.455,0,0,703.709,0,1.11677,-70.3709,0
Oahu,2025-08-18 06:00,801.687,0,0,889.263,0,1.35049,-88.9263,0
Oahu,2025-08-18 08:00,1267.05,0,0,997.831,187.575,2.06372,79.5819,0
Oahu,2025-08-18 10:00,1385.24,0,0,1048.58,169.909,47.2118,119.537,0
Oahu,2025-08-18 12:00,1575.42,0,0,1067.54,295.163,4.06531,208.65,0
Oahu,2025-08-18 14:00,1527.17,0,0,1070.5,175.243,4.95722,276.464,0
Oahu,2025-08-18 16:00,1311.71,0,0,1050.85,360.61,5.33824,-105.085,0
Oahu,2025-08-18 18:00,932.802,0,0,1026.89,0,8.60226,-102.689,0
Oahu,2025-08-18 20:00,905.077,0,0,996.775,0,7.98037,-99.6775,0
Oahu,2025-08-18 22:00,743.087,0,0,823.431,0,1.99995,-82.3431,0
Oahu,2025-09-10 00:00,624.457,0,0,692.136,0,1.53439,-69.2136,0
Oahu,2025-09-10 02:00,591.328,0,0,655.797,0,1.11157,-65.5797,0
Oahu,2025-09-10 04:00,634.862,0,0,704.161,0,1.11677,-70.4161,0
Oahu,2025-09-10 06:00,797.826,0,0,884.973,0,1.35049,-88.4973,0
Oahu,2025-09-10 08:00,1219.97,0,0,978.685,170.148,45.3488,25.7846,0
Oahu,2025-09-10 10:00,1397.02,0,0,1034.29,173.403,3.54577,185.777,0
Oahu,2025-09-10 12:00,1533.2,0,0,1043.39,175.087,4.06531,310.662,0
Oahu,2025-09-10 14:00,1454.84,0,0,1043.42,249.713,5.33824,156.366,0
Oahu,2025-09-10 16:00,1271.27,0,0,1032.27,336.891,5.33824,-103.227,0
Oahu,2025-09-10 18:00,947.217,0,0,1042.9,0,8.60226,-104.29,0
Oahu,2025-09-10 20:00,883.041,0,0,972.29,0,7.98037,-97.229,0
Oahu,2025-09-10 22:00,723.229,0,0,801.365,0,1.99995,-80.1365,0
Oahu,2025-09-22 00:00,643.36,0,0,713.14,0,1.53439,-71.314,0
Oahu,2025-09-22 02:00,601.44,0,0,667.032,0,1.11157,-66.7032,0
Oahu,2025-09-22 04:00,612.998,0,0,679.868,0,1.11677,-67.9868,0
Oahu,2025-09-22 06:00,707.365,0,0,784.46,0,1.35049,-78.446,0
Oahu,2025-09-22 08:00,1242.44,0,0,933.614,168.084,2.06372,138.679,0
Oahu,2025-09-22 10:00,1412.53,0,0,987.307,172.388,3.54577,249.29,0
Oahu,2025-09-22 12:00,1535.16,0,0,988.521,395.052,44.4673,107.119,0
Oahu,2025-09-22 14:00,1494.11,0,0,983.071,345.357,4.95722,160.723,0
Oahu,2025-09-22 16:00,1229.64,0,0,972.979,345.357,8.60226,-97.2979,0
Oahu,2025-09-22 18:00,901.313,0,0,991.9,0,8.60226,-99.19,0
Oahu,2025-09-22 20:00,838.302,0,0,922.579,0,7.98037,-92.2579,0
Oahu,2025-09-22 22:00,745.535,0,0,826.15,0,1.99995,-82.615,0
Oahu,2025-10-27 00:00,635.314,0,0,704.199,0,1.53439,-70.4199,0
Oahu,2025-10-27 02:00,593.343,0,0,658.035,0,1.11157,-65.8035,0
Oahu,2025-10-27 04:00,608.521,0,0,674.894,0,1.11677,-67.4894,0
Oahu,2025-10-27 06:00,701.546,0,0,777.995,0,1.35049,-77.7995,0
Oahu,2025-10-27 08:00,1284.34,0,0,932.512,198.46,27.6604,125.705,0
Oahu,2025-10-27 10:00,1334.94,0,0,980.191,204.747,4.06531,145.937,0
Oahu,2025-10-27 12:00,1408.3,0,0,979.866,204.747,4.06531,219.62,0
Oahu,2025-10-27 14:00,1246.08,0,0,954.622,131.814,4.95722,154.686,0
Oahu,2025-10-27 16:00,869.86,0,0,941.08,0,22.8881,-94.108,0
Oahu,2025-10-27 18:00,889.139,0,0,978.374,0,8.60226,-97.8374,0
Oahu,2025-10-27 20:00,829.034,0,0,912.282,0,7.98037,-91.2282,0
Oahu,2025-10-27 22:00,733.361,0,0,812.624,0,1.99995,-81.2624,0
Oahu,2025-11-22 00:00,658.264,0,0,659.651,0,1.53439,-2.9219,0
Oahu,2025-11-22 02:00,633.581,0,0,611.174,18.61,1.11157,2.68563,0
Oahu,2025-11-22 04:00,631.808,0,0,628.005,0,1.11677,2.68563,0
Oahu,2025-11-22 06:00,653.299,0,0,724.387,0,1.35049,-72.4387,0
Oahu,2025-11-22 08:00,847.731,0,0,854.625,0,45.7298,-52.6242,0
Oahu,2025-11-22 10:00,1093.2,0,0,909.812,0,3.54577,179.846,0
Oahu,2025-11-22 12:00,1171.81,0,0,898.433,11.0467,4.06531,258.263,0
Oahu,2025-11-22 14:00,1079.19,0,0,867.505,181.973,4.95722,24.7509,0
Oahu,2025-11-22 16:00,851.539,0,0,886.553,48.303,5.33824,-88.6553,0
Oahu,2025-11-22 18:00,836.296,0,0,919.659,0,8.60226,-91.9659,0
Oahu,2025-11-22 20:00,769.449,0,0,846.076,0,7.98037,-84.6076,0
Oahu,2025-11-22 22:00,677.161,0,0,750.178,0,1.99995,-75.0178,0
Oahu,2025-12-15 00:00,611.331,0,0,677.551,0,1.53439,-67.7551,0
Oahu,2025-12-15 02:00,564.555,0,0,626.048,0,1.11157,-62.6048,0
Oahu,2025-12-15 04:00,581.953,0,0,645.374,0,1.11677,-64.5374,0
Oahu,2025-12-15 06:00,672.964,0,0,746.238,0,1.35049,-74.6238,0
Oahu,2025-12-15 08:00,960.578,0,0,881.635,0,2.06372,76.8792,0
Oahu,2025-12-15 10:00,1249.99,0,0,921.619,214.688,3.54577,110.138,0
Oahu,2025-12-15 12:00,1419.66,0,0,912.298,201.391,4.06531,301.903,0
Oahu,2025-12-15 14:00,1258.78,0,0,887.752,233.525,4.95722,132.551,0
Oahu,2025-12-15 16:00,907.449,0,0,899.168,49.1933,49.0043,-89.9168,0
Oahu,2025-12-15 18:00,863.499,0,0,949.886,0,8.60226,-94.9886,0
Oahu,2025-12-15 20:00,806.215,0,0,886.927,0,7.98037,-88.6927,0
Oahu,2025-12-15 22:00,707.172,0,0,783.524,0,1.99995,-78.3524,0
Oahu,2030-01-12 00:00,651.556,0,0,720.071,0,3.49184,-72.0071,0
Oahu,2030-01-12 02:00,628.809,0,0,695.866,0,2.52962,-69.5866,0
Oahu,2030-01-12 04:00,653.371,0,0,723.144,0,2.54144,-72.3144,0
Oahu,2030-01-12 06:00,678.042,0,80.1532,839.024,0,3.07331,-83.9024,0
Oahu,2030-01-12 08:00,1127.56,0,0,879.91,314.316,13.1707,-79.8363,0
Oahu,2030-01-12 10:00,1701.57,0,0,905.08,710.498,8.06913,77.921,0
Oahu,2030-01-12 12:00,1619.86,0,0,906.34,630.882,9.25146,73.3904,0
Oahu,2030-01-12 14:00,1813.25,0,0,900.189,330.847,11.2812,570.932,0
Oahu,2030-01-12 16:00,1368.39,0,0,886.411,467.578,103.045,-88.6411,0
Oahu,2030-01-12 18:00,798.097,0,39.8468,909.297,0,19.5762,-90.9297,0
Oahu,2030-01-12 20:00,792.941,0,0,860.867,0,18.161,-86.0867,0
Oahu,2030-01-12 22:00,715.002,0,0,789.39,0,4.55129,-78.939,0
Oahu,2030-01-19 00:00,559.806,0,76.6012,703.239,0,3.49184,-70.3239,0
Oahu,2030-01-19 02:00,614.15,0,0,679.578,0,2.52962,-67.9578,0
Oahu,2030-01-19 04:00,642.201,0,0,710.732,0,2.54144,-71.0732,0
Oahu,2030-01-19 06:00,703.521,0,43.3988,826.496,0,3.07331,-82.6496,0
Oahu,2030-01-19 08:00,1243.08,0,0,861.702,285.615,4.69643,91.0707,0
Oahu,2030-01-19 10:00,1545.27,0,0,882.554,508.176,107.44,47.1044,0
Oahu,2030-01-19 12:00,1660.77,0,0,889.955,301.186,9.25146,460.381,0
Oahu,2030-01-19 14:00,1545.6,0,0,888.243,611.1,11.2812,34.9751,0
Oahu,2030-01-19 16:00,800.982,0,0,876.481,0,12.1483,-87.6481,0
Oahu,2030-01-19 18:00,830.303,0,0,900.807,0,19.5762,-90.0807,0
Oahu,2030-01-19 20:00,787.472,0,0,854.79,0,18.161,-85.479,0
Oahu,2030-01-19 22:00,709.421,0,0,783.188,0,4.55129,-78.3188,0
Oahu,2030-02-12 00:00,610.855,0,0,674.848,0,3.49184,-67.4848,0
Oahu,2030-02-12 02:00,443.656,0,150,656.807,0,2.52962,-65.6807,0
Oahu,2030-02-12 04:00,475.606,0,150,692.294,0,2.54144,-69.2294,0
Oahu,2030-02-12 06:00,579.923,0,150,807.611,0,3.07331,-80.7611,0
Oahu,2030-02-12 08:00,1173.16,0,0,841.428,261.179,4.69643,-84.1428,150
Oahu,2030-02-12 10:00,1686.12,0,0,862.971,701.1,58.3459,-86.2971,150
Oahu,2030-02-12 12:00,1747.2,0,0,871.71,240.462,58.3459,426.68,150
Oahu,2030-02-12 14:00,2112.13,0,0,873.325,710.498,11.2812,367.022,150
Oahu,2030-02-12 16:00,1556.6,0,0,870.391,611.1,12.1483,-87.0391,150
Oahu,2030-02-12 18:00,740.07,0,97.5,908.882,0,19.5762,-90.8882,0
Oahu,2030-02-12 20:00,790.504,0,0,858.159,0,18.161,-85.8159,0
Oahu,2030-02-12 22:00,541.821,0,150,763.633,0,4.55129,-76.3633,0
Oahu,2030-02-20 00:00,636.376,0,0,703.204,0,3.49184,-70.3204,0
Oahu,2030-02-20 02:00,615.353,0,0,680.914,0,2.52962,-68.0914,0
Oahu,2030-02-20 04:00,493.632,0,150,712.323,0,2.54144,-71.2323,0
Oahu,2030-02-20 06:00,743.032,0,0,822.176,0,3.07331,-82.2176,0
Oahu,2030-02-20 08:00,1303.97,0,0,865.832,263.952,4.69643,169.489,0
Oahu,2030-02-20 10:00,1845.24,0,0,892.409,656.1,107.44,189.289,0
Oahu,2030-02-20 12:00,1967.8,0,0,901.499,687.586,9.25146,369.464,0
Oahu,2030-02-20 14:00,1593.21,0,0,903.727,710.498,11.2812,-90.3727,58.0798
Oahu,2030-02-20 16:00,1043.71,0,0,899.66,147.689,12.1483,-89.966,74.1733
Oahu,2030-02-20 18:00,776.34,0,71.8349,920.665,0,19.5762,-92.0665,0
Oahu,2030-02-20 20:00,799.567,0,0,868.229,0,18.161,-86.8229,0
Oahu,2030-02-20 22:00,698.922,0,0,771.523,0,4.55129,-77.1523,0
Oahu,2030-04-10 00:00,590.526,0,36.5027,692.819,0,3.49184,-69.2819,0
Oahu,2030-04-10 02:00,611.237,0,0,676.341,0,2.52962,-67.6341,0
Oahu,2030-04-10 04:00,645.857,0,0,714.795,0,2.54144,-71.4795,0
Oahu,2030-04-10 06:00,746.515,0,0,826.046,0,3.07331,-82.6046,0
Oahu,2030-04-10 08:00,848.654,0,0,867.305,0,68.0801,-86.7305,0
Oahu,2030-04-10 10:00,1257.44,0,0,888.614,159.047,44.0567,165.723,0
Oahu,2030-04-10 12:00,1386.7,0,0,884.331,270.967,9.25146,222.148,0
Oahu,2030-04-10 14:00,1378.52,0,0,893.825,303.754,11.2812,169.664,0
Oahu,2030-04-10 16:00,1262.83,0,0,890.589,282.204,12.1483,77.888,0
Oahu,2030-04-10 18:00,846.039,0,0,918.291,0,19.5762,-91.8291,0
Oahu,2030-04-10 20:00,808.445,0,0,878.093,0,18.161,-87.8093,0
Oahu,2030-04-10 22:00,623.538,0,83.4973,780.538,0,4.55129,-78.0538,0
Oahu,2030-05-02 00:00,491.943,0,150,709.39,0,3.49184,-70.939,0
Oahu,2030-05-02 02:00,622.521,0,0,688.88,0,2.52962,-68.888,0
Oahu,2030-05-02 04:00,698.609,0,0,713.136,0,56.7866,-71.3136,0
Oahu,2030-05-02 06:00,599.698,0,150,829.583,0,3.07331,-82.9583,0
Oahu,2030-05-02 08:00,1201.91,0,0,875.148,99.398,49.8225,177.54,0
Oahu,2030-05-02 10:00,2002.88,0,0,898.283,611.1,8.06913,335.426,150
Oahu,2030-05-02 12:00,1642.44,0,0,907.239,710.498,9.25146,-90.7239,106.179
Oahu,2030-05-02 14:00,1848.37,0,0,908.084,710.498,11.2812,218.503,0
Oahu,2030-05-02 16:00,1232.39,0,0,898.445,411.641,12.1483,-89.8445,0
Oahu,2030-05-02 18:00,834.439,0,0,905.403,0,19.5762,-90.5403,0
Oahu,2030-05-02 20:00,807.879,0,0,877.464,0,18.161,-87.7464,0
Oahu,2030-05-02 22:00,711.19,0,0,785.154,0,4.55129,-78.5154,0
Oahu,2030-06-17 00:00,577.491,0,86.1046,733.449,0,3.49184,-73.3449,0
Oahu,2030-06-17 02:00,542.774,0,98.1862,709.368,0,2.52962,-70.9368,0
Oahu,2030-06-17 04:00,665.664,0,0,736.803,0,2.54144,-73.6803,0
Oahu,2030-06-17 06:00,750.804,0,0,830.812,0,3.07331,-83.0812,0
Oahu,2030-06-17 08:00,1442.78,0,0,893.103,611.1,4.69643,-89.3103,23.1915
Oahu,2030-06-17 10:00,1845.5,0,0,920.135,706.778,8.06913,105.406,105.108
Oahu,2030-06-17 12:00,1748.7,0,0,928.057,656.1,9.25146,155.289,0
Oahu,2030-06-17 14:00,1839.25,0,0,925.477,328.742,103.224,481.805,0
Oahu,2030-06-17 16:00,1156.39,0,0,915.233,163.106,19.5762,-91.5233,150
Oahu,2030-06-17 18:00,687.684,0,150,909.009,0,19.5762,-90.9009,0
Oahu,2030-06-17 20:00,823.6,0,0,894.932,0,18.161,-89.4932,0
Oahu,2030-06-17 22:00,726.611,0,0,802.288,0,4.55129,-80.2288,0
Oahu,2030-08-18 00:00,513.301,0,150,733.121,0,3.49184,-73.3121,0
Oahu,2030-08-18 02:00,493.776,0,150,712.496,0,2.52962,-71.2496,0
Oahu,2030-08-18 04:00,667.728,0,0,739.097,0,2.54144,-73.9097,0
Oahu,2030-08-18 06:00,667.889,0,97.5,847.018,0,3.07331,-84.7018,0
Oahu,2030-08-18 08:00,1354.61,0,0,910.163,288.828,96.6397,-91.0163,150
Oahu,2030-08-18 10:00,2251.32,0,0,939.681,611.1,8.06913,542.469,150
Oahu,2030-08-18 12:00,1625.99,0,0,950.708,611.1,9.25146,-95.0708,150
Oahu,2030-08-18 14:00,2129.63,0,0,952.43,710.498,11.2812,305.425,150
Oahu,2030-08-18 16:00,1726.97,0,0,940.999,710.498,19.5762,-94.0999,150
Oahu,2030-08-18 18:00,853.933,0,0,927.063,0,19.5762,-92.7063,0
Oahu,2030-08-18 20:00,686.754,0,150,909.548,0,18.161,-90.9548,0
Oahu,2030-08-18 22:00,582.407,0,150,808.728,0,4.55129,-80.8728,0
Oahu,2030-09-10 00:00,512.621,0,150,732.366,0,3.49184,-73.2366,0
Oahu,2030-09-10 02:00,511.567,0,131.069,711.23,0,2.52962,-71.123,0
Oahu,2030-09-10 04:00,517.965,0,150,739.359,0,2.54144,-73.9359,0
Oahu,2030-09-10 06:00,763.143,0,0,844.522,0,3.07331,-84.4522,0
Oahu,2030-09-10 08:00,1502.48,0,0,899.027,22.0884,4.69643,426.672,150
Oahu,2030-09-10 10:00,1751.46,0,0,931.369,710.498,8.06913,-48.471,150
Oahu,2030-09-10 12:00,1905.31,0,0,936.66,611.1,108.623,98.9278,150
Oahu,2030-09-10 14:00,1811.5,0,0,936.679,532.144,11.2812,181.396,150
Oahu,2030-09-10 16:00,1589.32,0,0,930.191,589.995,12.1483,-93.0191,150
Oahu,2030-09-10 18:00,712.317,0,150,936.378,0,19.5762,-93.6378,0
Oahu,2030-09-10 20:00,707.507,0,116.431,895.307,0,18.161,-89.5307,0
Oahu,2030-09-10 22:00,720.857,0,0,795.895,0,4.55129,-79.5895,0
Oahu,2030-09-22 00:00,523.615,0,150,744.582,0,3.49184,-74.4582,0
Oahu,2030-09-22 02:00,505.521,0,142.996,717.764,0,2.52962,-71.7764,0
Oahu,2030-09-22 04:00,505.248,0,150,725.23,0,2.54144,-72.523,0
Oahu,2030-09-22 06:00,710.53,0,0,786.063,0,3.07331,-78.6063,0
Oahu,2030-09-22 08:00,1309.14,0,0,872.813,368.912,4.69643,-87.2813,150
Oahu,2030-09-22 10:00,1664.74,0,0,904.042,128.58,106.573,375.542,150
Oahu,2030-09-22 12:00,1620.26,0,0,904.748,646.735,9.25146,-90.4748,150
Oahu,2030-09-22 14:00,2035.26,0,0,901.578,611.1,12.1483,360.433,150
Oahu,2030-09-22 16:00,1765.84,0,0,895.709,710.498,12.1483,-2.51318,150
Oahu,2030-09-22 18:00,835.618,0,0,906.713,0,19.5762,-90.6713,0
Oahu,2030-09-22 20:00,647.916,0,150,866.395,0,18.161,-86.6395,0
Oahu,2030-09-22 22:00,629.327,0,104.504,810.31,0,4.55129,-81.031,0
Oahu,2030-10-27 00:00,547.038,0,121.897,739.382,0,3.49184,-73.9382,0
Oahu,2030-10-27 02:00,493.808,0,150,712.532,0,2.52962,-71.2532,0
Oahu,2030-10-27 04:00,502.645,0,150,722.337,0,2.54144,-72.2337,0
Oahu,2030-10-27 06:00,707.145,0,0,782.302,0,3.07331,-78.2302,0
Oahu,2030-10-27 08:00,1781.58,0,0,872.172,645.436,4.69643,167.202,92.074
Oahu,2030-10-27 10:00,1825.96,0,0,899.903,710.498,8.06913,57.4853,150
Oahu,2030-10-27 12:00,1786.54,0,0,899.714,656.1,108.623,-27.8985,150
Oahu,2030-10-27 14:00,1589.76,0,0,885.031,250.701,11.2812,442.751,0
Oahu,2030-10-27 16:00,1004.68,0,0,877.155,203.09,12.1483,-87.7155,0
Oahu,2030-10-27 18:00,828.538,0,0,898.846,0,19.5762,-89.8846,0
Oahu,2030-10-27 20:00,792.526,0,0,860.406,0,18.161,-86.0406,0
Oahu,2030-10-27 22:00,726.75,0,0,802.443,0,4.55129,-80.2443,0
Oahu,2030-11-22 00:00,633.592,0,12.0241,713.472,0,3.49184,-71.3472,0
Oahu,2030-11-22 02:00,584.834,0,34.4442,685.277,0,2.52962,-68.5277,0
Oahu,2030-11-22 04:00,581.408,0,46.6931,695.066,0,2.54144,-69.5066,0
Oahu,2030-11-22 06:00,679.084,0,0,751.123,0,3.07331,-75.1123,0
Oahu,2030-11-22 08:00,790.368,0,0,826.872,41.4866,4.69643,-82.6872,0
Oahu,2030-11-22 10:00,1166.26,0,0,858.969,0,106.573,200.714,0
Oahu,2030-11-22 12:00,1319.38,0,0,852.351,288.975,9.25146,168.806,0
Oahu,2030-11-22 14:00,1222.98,0,0,834.363,48.9908,12.1483,327.477,0
Oahu,2030-11-22 16:00,866.312,0,0,845.442,93.2659,12.1483,-84.5442,0
Oahu,2030-11-22 18:00,797.803,0,0,864.697,0,19.5762,-86.4697,0
Oahu,2030-11-22 20:00,757.871,0,0,821.9,0,18.161,-82.19,0
Oahu,2030-11-22 22:00,667.224,0,26.8386,766.124,0,4.55129,-76.6124,0
Oahu,2030-12-15 00:00,654.986,0,0,723.883,0,3.49184,-72.3883,0
Oahu,2030-12-15 02:00,627.065,0,0,693.928,0,2.52962,-69.3928,0
Oahu,2030-12-15 04:00,637.192,0,0,705.168,0,2.54144,-70.5168,0
Oahu,2030-12-15 06:00,690.522,0,0,763.832,0,3.07331,-76.3832,0
Oahu,2030-12-15 08:00,1064.3,0,0,842.581,291.786,6.31118,-76.3832,0
Oahu,2030-12-15 10:00,1556.42,0,0,865.837,336.478,8.06913,346.036,0
Oahu,2030-12-15 12:00,1875.3,0,0,860.415,709.532,9.25146,296.107,0
Oahu,2030-12-15 14:00,1625.82,0,0,846.139,611.1,109.038,59.5447,0
Oahu,2030-12-15 16:00,1030.74,0,0,852.779,251.094,12.1483,-85.2779,0
Oahu,2030-12-15 18:00,693.625,0,120,882.277,0,19.5762,-88.2277,0
Oahu,2030-12-15 20:00,779.254,0,0,845.659,0,18.161,-84.5659,0
Oahu,2030-12-15 22:00,711.518,0,0,785.518,0,4.55129,-78.5518,0
Oahu,2035-01-12 00:00,546.75,0,120,733.133,0,6.93055,-73.3133,0
Oahu,2035-01-12 02:00,642.221,0,0,708.001,0,5.02075,-70.8001,0
Oahu,2035-01-12 04:00,667.736,0,0,736.324,0,5.04422,-73.6324,0
Oahu,2035-01-12 06:00,777.075,0,0,856.639,0,6.09986,-85.6639,0
Oahu,2035-01-12 08:00,1177.75,0,0,899.09,333.767,9.3214,-64.4258,0
Oahu,2035-01-12 10:00,1815.11,0,0,925.224,611.1,16.0155,262.768,0
Oahu,2035-01-12 12:00,1713.63,0,0,926.532,352.645,215.593,218.862,0
Oahu,2035-01-12 14:00,1936.12,0,0,920.146,755.387,22.3907,238.192,0
Oahu,2035-01-12 16:00,1438.02,0,0,905.84,598.65,24.1117,-90.584,0
Oahu,2035-01-12 18:00,875.497,0,0,929.603,0,38.8546,-92.9603,0
Oahu,2035-01-12 20:00,827.432,0,0,879.319,0,36.0457,-87.9319,0
Oahu,2035-01-12 22:00,733.628,0,0,805.105,0,9.03334,-80.5105,0
Oahu,2035-01-19 00:00,651.021,0,0,715.656,0,6.93055,-71.5656,0
Oahu,2035-01-19 02:00,627.001,0,0,691.089,0,5.02075,-69.1089,0
Oahu,2035-01-19 04:00,656.137,0,0,723.437,0,5.04422,-72.3437,0
Oahu,2035-01-19 06:00,645.369,0,120,843.632,0,6.09986,-84.3632,0
Oahu,2035-01-19 08:00,1257.4,0,0,880.186,331.671,9.3214,36.2258,0
Oahu,2035-01-19 10:00,1622.31,0,0,901.835,357.621,16.0155,346.841,0
Oahu,2035-01-19 12:00,1746.24,0,0,909.52,712.08,215.593,-90.952,0
Oahu,2035-01-19 14:00,1628.61,0,0,907.742,344.408,22.3907,354.066,0
Oahu,2035-01-19 16:00,830.089,0,0,895.531,0,24.1117,-89.5531,0
Oahu,2035-01-19 18:00,867.563,0,0,920.788,0,38.8546,-92.0788,0
Oahu,2035-01-19 20:00,821.754,0,0,873.009,0,36.0457,-87.3009,0
Oahu,2035-01-19 22:00,727.833,0,0,798.666,0,9.03334,-79.8666,0
Oahu,2035-02-12 00:00,474.492,0,150,686.179,0,6.93055,-68.6179,0
Oahu,2035-02-12 02:00,455.723,0,150,667.447,0,5.02075,-66.7447,0
Oahu,2035-02-12 04:00,488.908,0,150,704.293,0,5.04422,-70.4293,0
Oahu,2035-02-12 06:00,700.1,0,47.6215,824.024,0,6.09986,-82.4024,0
Oahu,2035-02-12 08:00,1741.8,0,0,859.135,755.387,63.1918,-85.9135,150
Oahu,2035-02-12 10:00,1680.87,0,0,881.503,648.6,16.0155,-15.2513,150
Oahu,2035-02-12 12:00,2086.02,0,0,890.577,611.1,161.722,272.616,150
Oahu,2035-02-12 14:00,2284.1,0,0,892.254,755.387,22.3907,464.068,150
Oahu,2035-02-12 16:00,1729.78,0,0,889.207,755.387,24.1117,-88.9207,150
Oahu,2035-02-12 18:00,834.951,0,40.1574,929.171,0,38.8546,-92.9171,0
Oahu,2035-02-12 20:00,815.18,0,9.72114,876.506,0,36.0457,-87.6506,0
Oahu,2035-02-12 22:00,559.56,0,150,778.363,0,9.03334,-77.8363,0
Oahu,2035-02-20 00:00,558.468,0,92.5212,715.62,0,6.93055,-71.562,0
Oahu,2035-02-20 02:00,478.25,0,150,692.477,0,5.02075,-69.2477,0
Oahu,2035-02-20 04:00,507.623,0,150,725.088,0,5.04422,-72.5088,0
Oahu,2035-02-20 06:00,611.332,0,150,839.147,0,6.09986,-83.9147,0
Oahu,2035-02-20 08:00,1466.28,0,0,884.473,506.396,9.3214,-83.9147,150
Oahu,2035-02-20 10:00,2072.54,0,0,912.068,611.1,115.804,373.003,60.5622
Oahu,2035-02-20 12:00,2214.53,0,0,921.506,748.919,115.804,278.304,150
Oahu,2035-02-20 14:00,1803.29,0,0,923.819,623.786,22.3907,83.2925,150
Oahu,2035-02-20 16:00,1195.22,0,0,919.597,193.473,24.1117,-91.9597,150
Oahu,2035-02-20 18:00,800.008,0,86.1117,941.405,0,38.8546,-94.1405,0
Oahu,2035-02-20 20:00,834.311,0,0,886.962,0,36.0457,-88.6962,0
Oahu,2035-02-20 22:00,716.932,0,0,786.554,0,9.03334,-78.6554,0
Oahu,2035-04-10 00:00,625.584,0,15.7,704.838,0,6.93055,-70.4838,0
Oahu,2035-04-10 02:00,614.686,0,9.29028,687.729,0,5.02075,-68.7729,0
Oahu,2035-04-10 04:00,659.933,0,0,727.654,0,5.04422,-72.7654,0
Oahu,2035-04-10 06:00,764.948,0,0,843.165,0,6.09986,-84.3165,0
Oahu,2035-04-10 08:00,894.071,0,0,886.003,29.6138,9.3214,-30.8663,0
Oahu,2035-04-10 10:00,1379.16,0,0,908.128,348.594,213.246,-90.8128,0
Oahu,2035-04-10 12:00,1530.74,0,0,903.681,296.579,18.3622,312.113,0
Oahu,2035-04-10 14:00,1489.72,0,0,913.538,310.065,22.3907,243.725,0
Oahu,2035-04-10 16:00,1356.45,0,0,910.178,296.775,24.1117,125.386,0
Oahu,2035-04-10 18:00,883.902,0,0,938.941,0,38.8546,-93.8941,0
Oahu,2035-04-10 20:00,748.519,0,95.0097,897.204,0,36.0457,-89.7204,0
Oahu,2035-04-10 22:00,725.356,0,0,795.914,0,9.03334,-79.5914,0
Oahu,2035-05-02 00:00,656.769,0,0,722.043,0,6.93055,-72.2043,0
Oahu,2035-05-02 02:00,635.694,0,0,700.748,0,5.02075,-70.0748,0
Oahu,2035-05-02 04:00,658.384,0,0,725.933,0,5.04422,-72.5933,0
Oahu,2035-05-02 06:00,768.253,0,0,846.837,0,6.09986,-84.6837,0
Oahu,2035-05-02 08:00,1250.23,0,0,894.146,123.842,206.552,-89.4146,115.101
Oahu,2035-05-02 10:00,1502.79,0,0,918.167,611.1,16.0155,-42.4912,0
Oahu,2035-05-02 12:00,2047.56,0,11.5946,927.466,611.1,18.3622,502.225,0
Oahu,2035-05-02 14:00,1989.47,0,0,928.343,755.387,22.3907,283.352,0
Oahu,2035-05-02 16:00,1514.22,0,0,918.335,663.608,24.1117,-91.8335,0
Oahu,2035-05-02 18:00,777.985,0,93.8732,925.559,0,38.8546,-92.5559,0
Oahu,2035-05-02 20:00,884.068,0,103.16,896.551,144.287,36.0457,-89.6551,0
Oahu,2035-05-02 22:00,729.67,0,0,800.707,0,9.03334,-80.0707,0
Oahu,2035-06-17 00:00,529.251,0,150,747.023,0,6.93055,-74.7023,0
Oahu,2035-06-17 02:00,654.838,0,0,722.02,0,5.02075,-72.202,0
Oahu,2035-06-17 04:00,680.499,0,0,750.505,0,5.04422,-75.0505,0
Oahu,2035-06-17 06:00,737.277,0,32.1241,848.113,0,6.09986,-84.8113,0
Oahu,2035-06-17 08:00,1507.36,0,0,912.788,526.532,9.3214,-91.2788,150
Oahu,2035-06-17 10:00,1955.7,0,0,940.855,656.1,213.246,145.5,0
Oahu,2035-06-17 12:00,1868.89,0,0,949.081,755.387,18.3622,146.065,0
Oahu,2035-06-17 14:00,1955.24,0,0,946.402,452.851,22.3907,466.306,67.294
Oahu,2035-06-17 16:00,1217.3,0,0,935.766,292.803,24.1117,-93.5766,58.1918
Oahu,2035-06-17 18:00,725.227,0,150,929.303,0,38.8546,-92.9303,0
Oahu,2035-06-17 20:00,859.265,0,0,914.688,0,36.0457,-91.4688,0
Oahu,2035-06-17 22:00,745.681,0,0,818.497,0,9.03334,-81.8497,0
Oahu,2035-08-18 00:00,528.944,0,150,746.682,0,6.93055,-74.6682,0
Oahu,2035-08-18 02:00,507.762,0,150,725.268,0,5.02075,-72.5268,0
Oahu,2035-08-18 04:00,532.642,0,150,752.887,0,5.04422,-75.2887,0
Oahu,2035-08-18 06:00,739.372,0,45.1727,864.939,0,6.09986,-86.4939,0
Oahu,2035-08-18 08:00,1610.1,0,0,930.501,613.325,9.3214,-93.0501,150
Oahu,2035-08-18 10:00,1835.35,0,0,961.149,611.1,209.217,-96.1149,150
Oahu,2035-08-18 12:00,1787.96,0,0,972.599,740.226,22.3907,-97.2599,150
Oahu,2035-08-18 14:00,2205.99,0,0,974.386,304.094,22.3907,755.121,150
Oahu,2035-08-18 16:00,1662.15,0,0,962.517,414.928,24.1117,110.591,150
Oahu,2035-08-18 18:00,742.098,0,150,948.048,0,38.8546,-94.8048,0
Oahu,2035-08-18 20:00,820.595,0,52.3273,929.863,0,36.0457,-92.9863,0
Oahu,2035-08-18 22:00,751.699,0,0,825.184,0,9.03334,-82.5184,0
Oahu,2035-09-10 00:00,528.239,0,150,745.898,0,6.93055,-74.5898,0
Oahu,2035-09-10 02:00,506.578,0,150,723.953,0,5.02075,-72.3953,0
Oahu,2035-09-10 04:00,532.888,0,150,753.159,0,5.04422,-75.3159,0
Oahu,2035-09-10 06:00,632.213,0,150,862.348,0,6.09986,-86.2348,0
Oahu,2035-09-10 08:00,1580.73,0,0,918.939,467.106,9.3214,35.3678,150
Oahu,2035-09-10 10:00,1858.47,0,0,952.519,334.242,213.246,208.466,150
Oahu,2035-09-10 12:00,2106.32,0,0,958.013,755.387,18.3622,224.56,150
Oahu,2035-09-10 14:00,1945.26,0,0,958.032,611.1,22.3907,203.737,150
Oahu,2035-09-10 16:00,1596.55,0,0,951.297,566.274,24.1117,-95.1297,150
Oahu,2035-09-10 18:00,803.303,0,97.5,957.72,0,38.8546,-95.772,0
Oahu,2035-09-10 20:00,859.615,0,0,915.077,0,36.0457,-91.5077,0
Oahu,2035-09-10 22:00,739.707,0,0,811.859,0,9.03334,-81.1859,0
Oahu,2035-09-22 00:00,539.654,0,150,758.582,0,6.93055,-75.8582,0
Oahu,2035-09-22 02:00,662.685,0,0,730.738,0,5.02075,-73.0738,0
Oahu,2035-09-22 04:00,519.685,0,150,738.489,0,5.04422,-73.8489,0
Oahu,2035-09-22 06:00,687.107,0,40.4781,801.651,0,6.09986,-80.1651,0
Oahu,2035-09-22 08:00,1433.71,0,35.7253,891.722,310.335,206.552,-89.1722,150
Oahu,2035-09-22 10:00,1686.16,0,0,924.146,688.413,16.0155,-92.4146,150
Oahu,2035-09-22 12:00,1807.03,0,0,924.879,611.1,18.3622,102.692,150
Oahu,2035-09-22 14:00,2586.64,0,0,921.588,755.387,22.3907,737.27,150
Oahu,2035-09-22 16:00,1753.44,0,0,915.494,755.387,24.1117,-91.5494,150
Oahu,2035-09-22 18:00,723.082,0,150,926.92,0,38.8546,-92.692,0
Oahu,2035-09-22 20:00,682.598,0,150,885.058,0,36.0457,-88.5058,0
Oahu,2035-09-22 22:00,731.88,0,21.2965,826.826,0,9.03334,-82.6826,0
Oahu,2035-10-27 00:00,534.795,0,150,753.183,0,6.93055,-75.3183,0
Oahu,2035-10-27 02:00,657.795,0,0,725.305,0,5.02075,-72.5305,0
Oahu,2035-10-27 04:00,589.294,0,77.6868,735.485,0,5.04422,-73.5485,0
Oahu,2035-10-27 06:00,724.071,0,0,797.746,0,6.09986,-79.7746,0
Oahu,2035-10-27 08:00,1859.07,0,0,891.056,611.1,9.3214,197.597,150
Oahu,2035-10-27 10:00,1927.6,0,0,919.849,755.387,211.525,6.17692,34.6582
Oahu,2035-10-27 12:00,1900.24,0,0,919.652,567.235,18.3622,244.995,150
Oahu,2035-10-27 14:00,1676.07,0,0,904.408,749.951,24.1117,-2.39838,0
Oahu,2035-10-27 16:00,1036.77,0,0,896.23,0,24.1117,116.426,0
Oahu,2035-10-27 18:00,865.731,0,0,918.751,0,38.8546,-91.8751,0
Oahu,2035-10-27 20:00,677.001,0,150,878.84,0,36.0457,-87.884,0
Oahu,2035-10-27 22:00,745.825,0,0,818.658,0,9.03334,-81.8658,0
Oahu,2035-11-22 00:00,660.583,0,0,726.281,0,6.93055,-72.6281,0
Oahu,2035-11-22 02:00,630.975,0,1.35136,697.007,0,5.02075,-69.7007,0
Oahu,2035-11-22 04:00,641.498,0,0,707.171,0,5.04422,-70.7171,0
Oahu,2035-11-22 06:00,694.936,0,0,765.374,0,6.09986,-76.5374,0
Oahu,2035-11-22 08:00,849.044,0,0,844.022,80.103,9.3214,-84.4022,0
Oahu,2035-11-22 10:00,1262.76,0,0,877.348,0,16.0155,369.392,0
Oahu,2035-11-22 12:00,1431.38,0,0,870.476,280.236,152.839,127.831,0
Oahu,2035-11-22 14:00,1319.79,0,0,851.799,232.196,22.3907,213.404,0
Oahu,2035-11-22 16:00,904.302,0,0,863.303,40.4645,86.8654,-86.3303,0
Oahu,2035-11-22 18:00,833.82,0,0,883.295,0,38.8546,-88.3295,0
Oahu,2035-11-22 20:00,791.019,0,0,838.859,0,36.0457,-83.8859,0
Oahu,2035-11-22 22:00,593.238,0,118.649,780.948,0,9.03334,-78.0948,0
Oahu,2035-12-15 00:00,670.312,0,0,737.09,0,6.93055,-73.709,0
Oahu,2035-12-15 02:00,640.411,0,0,705.989,0,5.02075,-70.5989,0
Oahu,2035-12-15 04:00,650.937,0,0,717.659,0,5.04422,-71.7659,0
Oahu,2035-12-15 06:00,706.812,0,0,778.569,0,6.09986,-77.8569,0
Oahu,2035-12-15 08:00,1098.13,0,0,860.333,306.551,17.2784,-86.0333,0
Oahu,2035-12-15 10:00,1672.24,0,0,884.478,755.387,120.82,-88.4478,0
Oahu,2035-12-15 12:00,1999.32,0,0,878.849,653.25,18.3622,448.854,0
Oahu,2035-12-15 14:00,1706.3,0,0,864.027,372.15,106.86,363.266,0
Oahu,2035-12-15 16:00,1065.63,0,0,870.92,257.685,24.1117,-87.092,0
Oahu,2035-12-15 18:00,730.248,0,120,901.548,0,38.8546,-90.1548,0
Oahu,2035-12-15 20:00,813.221,0,0,863.528,0,36.0457,-86.3528,0
Oahu,2035-12-15 22:00,730.01,0,0,801.085,0,9.03334,-80.1085,0
Oahu,2040-01-12 00:00,700.532,0,0,764.37,0,12.599,-76.437,0
Oahu,2040-01-12 02:00,674.771,0,0,739.605,0,9.12716,-73.9605,0
Oahu,2040-01-12 04:00,602.747,0,97.1853,767.514,0,9.16982,-76.7514,0
Oahu,2040-01-12 06:00,658.553,0,150,886.071,0,11.0889,-88.6071,0
Oahu,2040-01-12 08:00,1268.52,0,0,927.902,416.462,16.9452,-92.7902,0
Oahu,2040-01-12 10:00,1988.92,0,0,953.653,611.1,387.657,-95.3653,131.874
Oahu,2040-01-12 12:00,1931.79,0,0,954.942,611.1,33.3803,332.371,0
Oahu,2040-01-12 14:00,2196.26,0,0,948.649,757.897,40.7039,449.012,0
Oahu,2040-01-12 16:00,1579.32,0,0,934.553,556.412,43.8324,-7.30351,51.8264
Oahu,2040-01-12 18:00,932.805,0,0,957.968,0,70.6334,-95.7968,0
Oahu,2040-01-12 20:00,868.84,0,14.2643,908.419,0,65.527,-90.8419,0
Oahu,2040-01-12 22:00,768.182,0,0,835.29,0,16.4216,-83.529,0
Oahu,2040-01-19 00:00,685.033,0,0,747.149,0,12.599,-74.7149,0
Oahu,2040-01-19 02:00,659.774,0,0,722.941,0,9.12716,-72.2941,0
Oahu,2040-01-19 04:00,688.503,0,0,754.815,0,9.16982,-75.4815,0
Oahu,2040-01-19 06:00,677.018,0,120,873.254,0,11.0889,-87.3254,0
Oahu,2040-01-19 08:00,1393.18,0,0,909.273,472.164,16.9452,-5.20182,0
Oahu,2040-01-19 10:00,1858.23,0,0,930.607,611.1,69.0827,247.444,0
Oahu,2040-01-19 12:00,2000.42,0,0,938.179,804.109,351.955,-93.8179,0
Oahu,2040-01-19 14:00,1877.44,0,0,936.427,378.434,40.7039,521.874,0
Oahu,2040-01-19 16:00,875.787,0,0,924.394,0,43.8324,-92.4394,0
Oahu,2040-01-19 18:00,924.987,0,0,949.282,0,70.6334,-94.9282,0
Oahu,2040-01-19 20:00,877.509,0,0,902.202,0,65.527,-90.2202,0
Oahu,2040-01-19 22:00,762.472,0,0,828.945,0,16.4216,-82.8945,0
Oahu,2040-02-12 00:00,508.891,0,150,718.102,0,12.599,-71.8102,0
Oahu,2040-02-12 02:00,488.806,0,150,699.644,0,9.12716,-69.9644,0
Oahu,2040-02-12 04:00,521.526,0,150,735.951,0,9.16982,-73.5951,0
Oahu,2040-02-12 06:00,708.345,0,71.2829,853.932,0,11.0889,-85.3932,0
Oahu,2040-02-12 08:00,1577.72,0,0,888.53,611.1,16.9452,-88.853,150
Oahu,2040-02-12 10:00,1508.32,0,0,910.572,314.971,29.1144,103.664,150
Oahu,2040-02-12 12:00,2173.59,0,0,919.513,804.109,391.923,-91.9513,150
Oahu,2040-02-12 14:00,2497.4,0,0,921.165,648.6,40.7039,736.932,150
Oahu,2040-02-12 16:00,1824.29,0,0,918.163,804.109,43.8324,-91.8163,150
Oahu,2040-02-12 18:00,906.205,0,26.2171,957.543,0,70.6334,-95.7543,0
Oahu,2040-02-12 20:00,880.61,0,0,905.648,0,65.527,-90.5648,0
Oahu,2040-02-12 22:00,594.466,0,150,808.939,0,16.4216,-80.8939,0
Oahu,2040-02-20 00:00,535.001,0,150,747.113,0,12.599,-74.7113,0
Oahu,2040-02-20 02:00,511.005,0,150,724.308,0,9.12716,-72.4308,0
Oahu,2040-02-20 04:00,601.929,0,88.039,756.442,0,9.16982,-75.6442,0
Oahu,2040-02-20 06:00,793.04,0,0,868.834,0,11.0889,-86.8834,0
Oahu,2040-02-20 08:00,1546.07,0,0,913.498,556.973,16.9452,-91.3498,150
Oahu,2040-02-20 10:00,2267.9,0,0,940.689,731.971,387.657,57.5865,150
Oahu,2040-02-20 12:00,2426.12,0,0,949.99,731.971,33.3803,560.776,150
Oahu,2040-02-20 14:00,1979.95,0,0,952.269,731.971,40.7039,147.724,107.279
Oahu,2040-02-20 16:00,1247.22,0,0,948.109,200.086,43.8324,-94.8109,150
Oahu,2040-02-20 18:00,816.706,0,126.566,969.598,0,70.6334,-96.9598,0
Oahu,2040-02-20 20:00,739.883,0,150,915.951,0,65.527,-91.5951,0
Oahu,2040-02-20 22:00,751.731,0,0,817.01,0,16.4216,-81.701,0
Oahu,2040-04-10 00:00,675.438,0,0,736.488,0,12.599,-73.6488,0
Oahu,2040-04-10 02:00,656.793,0,0,719.629,0,9.12716,-71.9629,0
Oahu,2040-04-10 04:00,692.244,0,0,758.971,0,9.16982,-75.8971,0
Oahu,2040-04-10 06:00,796.603,0,0,872.793,0,11.0889,-87.2793,0
Oahu,2040-04-10 08:00,908.203,0,0,915.005,0,16.9452,-23.7477,0
Oahu,2040-04-10 10:00,1490.17,0,0,936.807,359.347,29.1144,164.897,0
Oahu,2040-04-10 12:00,1660.55,0,0,932.425,334.965,388.795,4.36308,0
Oahu,2040-04-10 14:00,1598.04,0,0,942.139,300.202,43.8324,311.87,0
Oahu,2040-04-10 16:00,1453.54,0,0,938.827,347.533,43.8324,123.35,0
Oahu,2040-04-10 18:00,941.086,0,0,967.17,0,70.6334,-96.717,0
Oahu,2040-04-10 20:00,778.966,0,120,926.043,0,65.527,-92.6043,0
Oahu,2040-04-10 22:00,760.032,0,0,826.234,0,16.4216,-82.6234,0
Oahu,2040-05-02 00:00,690.696,0,0,753.441,0,12.599,-75.3441,0
Oahu,2040-05-02 02:00,703.262,0,0,732.458,34.9234,9.12716,-73.2458,0
Oahu,2040-05-02 04:00,690.717,0,0,757.275,0,9.16982,-75.7275,0
Oahu,2040-05-02 06:00,657.324,0,142.536,876.412,0,11.0889,-87.6412,0
Oahu,2040-05-02 08:00,1373.43,0,0,923.03,137.488,16.9452,145.966,150
Oahu,2040-05-02 10:00,2039.76,0,0,946.7,611.1,387.657,20.2341,74.0727
Oahu,2040-05-02 12:00,2024.45,0,0,955.863,804.109,33.3803,231.1,0
Oahu,2040-05-02 14:00,2059.75,0,0,956.726,804.109,40.7039,258.215,0
Oahu,2040-05-02 16:00,1529.28,0,0,946.865,611.1,43.8324,-72.5221,0
Oahu,2040-05-02 18:00,929.219,0,0,953.984,0,70.6334,-95.3984,0
Oahu,2040-05-02 20:00,748.387,0,150,925.4,0,65.527,-92.54,0
Oahu,2040-05-02 22:00,764.282,0,0,830.956,0,16.4216,-83.0956,0
Oahu,2040-06-17 00:00,626.745,0,86.1046,778.057,0,12.599,-77.8057,0
Oahu,2040-06-17 02:00,607.424,0,79.7804,753.419,0,9.12716,-75.3419,0
Oahu,2040-06-17 04:00,615.293,0,97.2156,781.488,0,9.16982,-78.1488,0
Oahu,2040-06-17 06:00,800.991,0,0,877.669,0,11.0889,-87.7669,0
Oahu,2040-06-17 08:00,1578.78,0,0,941.4,653.991,16.9452,-94.14,60.5854
Oahu,2040-06-17 10:00,2058.12,0,0,969.056,611.1,387.657,73.9708,16.3379
Oahu,2040-06-17 12:00,1985.14,0,0,977.162,550.285,33.3803,424.312,0
Oahu,2040-06-17 14:00,2105.6,0,0,974.522,804.109,40.7039,286.268,0
Oahu,2040-06-17 16:00,1353.88,0,0,964.041,333.486,43.8324,-96.4041,108.922
Oahu,2040-06-17 18:00,932.539,0,0,957.673,0,70.6334,-95.7673,0
Oahu,2040-06-17 20:00,914.471,0,0,943.271,0,65.527,-94.3271,0
Oahu,2040-06-17 22:00,780.059,0,0,848.487,0,16.4216,-84.8487,0
Oahu,2040-08-18 00:00,562.548,0,150,777.721,0,12.599,-77.7721,0
Oahu,2040-08-18 02:00,540.085,0,150,756.62,0,9.12716,-75.662,0
Oahu,2040-08-18 04:00,564.621,0,150,783.835,0,9.16982,-78.3835,0
Oahu,2040-08-18 06:00,665.914,0,150,894.25,0,11.0889,-89.425,0
Oahu,2040-08-18 08:00,1834.02,0,0,958.853,804.109,16.9452,-95.8853,150
Oahu,2040-08-18 10:00,2049.97,0,0,989.053,648.6,29.1144,233.199,150
Oahu,2040-08-18 12:00,1887.79,0,0,1000.34,804.109,33.3803,-100.034,150
Oahu,2040-08-18 14:00,2465.85,0,0,1002.1,611.1,40.7039,661.947,150
Oahu,2040-08-18 16:00,2247.85,0,0,990.402,804.109,402.375,-99.0402,150
Oahu,2040-08-18 18:00,894.726,0,54.4368,976.144,0,70.6334,-97.6144,0
Oahu,2040-08-18 20:00,884.866,0,43.0632,958.225,0,65.527,-95.8225,0
Oahu,2040-08-18 22:00,785.99,0,0,855.076,0,16.4216,-85.5076,0
Oahu,2040-09-10 00:00,561.852,0,150,776.948,0,12.599,-77.6948,0
Oahu,2040-09-10 02:00,625.794,0,63.1243,755.324,0,9.12716,-75.5324,0
Oahu,2040-09-10 04:00,714.863,0,0,784.103,0,9.16982,-78.4103,0
Oahu,2040-09-10 06:00,663.616,0,150,891.697,0,11.0889,-89.1697,0
Oahu,2040-09-10 08:00,1800.41,0,0,947.461,611.1,16.9452,74.9017,150
Oahu,2040-09-10 10:00,1922.32,0,0,980.55,804.109,85.7179,-98.055,150
Oahu,2040-09-10 12:00,2336.38,0,0,985.963,611.1,335.32,253.995,150
Oahu,2040-09-10 14:00,2207.98,0,0,985.982,653.991,40.7039,377.301,150
Oahu,2040-09-10 16:00,1967.08,0,0,979.345,804.109,43.8324,-10.208,150
Oahu,2040-09-10 18:00,807.741,0,150,985.675,0,70.6334,-98.5675,0
Oahu,2040-09-10 20:00,880.441,0,34.3757,943.655,0,65.527,-94.3655,0
Oahu,2040-09-10 22:00,624.173,0,150,841.946,0,16.4216,-84.1946,0
Oahu,2040-09-22 00:00,700.086,0,23.0152,789.447,0,12.599,-78.9447,0
Oahu,2040-09-22 02:00,694.936,0,0,762.01,0,9.12716,-76.201,0
Oahu,2040-09-22 04:00,551.853,0,150,769.648,0,9.16982,-76.9648,0
Oahu,2040-09-22 06:00,609.786,0,150,831.886,0,11.0889,-83.1886,0
Oahu,2040-09-22 08:00,1606.62,0,0,920.641,611.1,16.9452,-92.0641,150
Oahu,2040-09-22 10:00,2431.46,0,0,952.591,656.1,29.1144,643.651,150
Oahu,2040-09-22 12:00,2152.55,0,0,953.313,611.1,391.923,46.2176,150
Oahu,2040-09-22 14:00,1927.65,0,0,950.07,702.365,40.7039,84.5106,150
Oahu,2040-09-22 16:00,1844.03,0,0,944.065,804.109,43.8324,-94.4065,146.43
Oahu,2040-09-22 18:00,846.105,0,84.3205,955.324,0,70.6334,-95.5324,0
Oahu,2040-09-22 20:00,750.779,0,137.415,914.074,0,65.527,-91.4074,0
Oahu,2040-09-22 22:00,637.446,0,150,856.694,0,16.4216,-85.6694,0
Oahu,2040-10-27 00:00,568.313,0,150,784.126,0,12.599,-78.4126,0
Oahu,2040-10-27 02:00,540.118,0,150,756.656,0,9.12716,-75.6656,0
Oahu,2040-10-27 04:00,699.189,0,0,766.688,0,9.16982,-76.6688,0
Oahu,2040-10-27 06:00,606.324,0,150,828.039,0,11.0889,-82.8039,0
Oahu,2040-10-27 08:00,1999.11,0,0,919.985,791.736,362.186,-91.9985,17.2004
Oahu,2040-10-27 10:00,2145.25,0,0,948.357,643.727,29.1144,374.049,150
Oahu,2040-10-27 12:00,2084.98,0,0,948.163,804.109,33.3803,299.332,0
Oahu,2040-10-27 14:00,1830.01,0,0,933.142,611.1,40.7039,95.0639,150
Oahu,2040-10-27 16:00,1130.82,0,0,925.083,104.409,43.8324,-92.5083,150
Oahu,2040-10-27 18:00,893.437,0,29.7443,947.276,0,70.6334,-94.7276,0
Oahu,2040-10-27 20:00,882.679,0,0,907.947,0,65.527,-90.7947,0
Oahu,2040-10-27 22:00,793.504,0,0,848.645,0,29.7238,-84.8645,0
Oahu,2040-11-22 00:00,694.455,0,0,757.618,0,12.599,-75.7618,0
Oahu,2040-11-22 02:00,619.731,0,45.2903,728.771,0,9.12716,-72.8771,0
Oahu,2040-11-22 04:00,674.078,0,0,738.787,0,9.16982,-73.8787,0
Oahu,2040-11-22 06:00,652.905,0,74.7097,796.139,0,11.0889,-79.6139,0
Oahu,2040-11-22 08:00,951.068,0,0,873.638,147.849,16.9452,-87.3638,0
Oahu,2040-11-22 10:00,1442.17,0,0,906.477,312.944,313.399,-90.6477,0
Oahu,2040-11-22 12:00,1619.62,0,0,899.706,283.237,61.0196,375.653,0
Oahu,2040-11-22 14:00,1502.2,0,0,881.302,127.201,40.7039,452.991,0
Oahu,2040-11-22 16:00,1017.2,0,0,892.637,123.373,90.4511,-89.2637,0
Oahu,2040-11-22 18:00,891.737,0,0,912.337,0,70.6334,-91.2337,0
Oahu,2040-11-22 20:00,847.223,0,0,868.551,0,65.527,-86.8551,0
Oahu,2040-11-22 22:00,746.759,0,0,811.486,0,16.4216,-81.1486,0
Oahu,2040-12-15 00:00,704.041,0,0,768.269,0,12.599,-76.8269,0
Oahu,2040-12-15 02:00,672.987,0,0,737.622,0,9.12716,-73.7622,0
Oahu,2040-12-15 04:00,563.379,0,120,749.122,0,9.16982,-74.9122,0
Oahu,2040-12-15 06:00,739.316,0,0,809.142,0,11.0889,-80.9142,0
Oahu,2040-12-15 08:00,1191.59,0,0,889.711,373.907,16.9452,-88.9711,0
Oahu,2040-12-15 10:00,1892.48,0,0,913.503,611.1,387.657,-19.7812,0
Oahu,2040-12-15 12:00,2259.27,0,0,907.956,709.815,33.3803,608.114,0
Oahu,2040-12-15 14:00,1900.68,0,0,893.35,804.109,40.7039,162.519,0
Oahu,2040-12-15 16:00,1110.52,0,0,900.144,256.555,43.8324,-90.0144,0
Oahu,2040-12-15 18:00,907.924,0,0,930.323,0,70.6334,-93.0323,0
Oahu,2040-12-15 20:00,869.1,0,0,892.859,0,65.527,-89.2859,0
Oahu,2040-12-15 22:00,764.618,0,0,831.329,0,16.4216,-83.1329,0
Oahu,2045-01-12 00:00,725.747,0,0,781.626,0,22.2844,-78.1626,0
Oahu,2045-01-12 02:00,546.508,0,150,755.96,0,16.1437,-75.596,0
Oahu,2045-01-12 04:00,572.615,0,150,784.884,0,16.2191,-78.4884,0
Oahu,2045-01-12 06:00,908.271,0,0,907.751,0,91.2948,-90.7751,0
Oahu,2045-01-12 08:00,1590.74,0,0,951.102,664.975,29.9719,-95.1102,39.7974
Oahu,2045-01-12 10:00,2315.76,0,103.543,977.79,909.107,279.397,103.012,150
Oahu,2045-01-12 12:00,2333.95,0,0,979.126,909.107,393.633,-97.9126,150
Oahu,2045-01-12 14:00,2637.66,0,0,972.604,664.975,71.995,778.083,150
Oahu,2045-01-12 16:00,1754.7,0,0,957.996,664.975,77.5287,-95.7996,150
Oahu,2045-01-12 18:00,940.156,0,68.8129,982.262,0,124.933,-98.2262,0
Oahu,2045-01-12 20:00,877.477,0,140.288,930.911,56.4647,115.901,-85.5124,0
Oahu,2045-01-12 22:00,835.157,0,0,855.124,36.5,29.0457,-85.5124,0
Oahu,2045-01-19 00:00,709.685,0,0,763.778,0,22.2844,-76.3778,0
Oahu,2045-01-19 02:00,680.965,0,0,738.69,0,16.1437,-73.869,0
Oahu,2045-01-19 04:00,687.768,0,23.0018,771.723,0,16.2191,-77.1723,0
Oahu,2045-01-19 06:00,824.635,0,0,894.468,0,19.6135,-89.4468,0
Oahu,2045-01-19 08:00,1445.63,0,0,931.797,451.279,29.9719,32.5864,0
Oahu,2045-01-19 10:00,2053.13,0,0,953.906,701.475,493.143,-95.3906,0
Oahu,2045-01-19 12:00,2148.87,0,0,961.753,664.975,251.569,270.571,0
Oahu,2045-01-19 14:00,2056.82,0,0,959.938,546.413,71.995,478.473,0
Oahu,2045-01-19 16:00,930.249,0,0,947.467,0,77.5287,-94.7467,0
Oahu,2045-01-19 18:00,1000.87,0,0,973.26,0,124.933,-97.326,0
Oahu,2045-01-19 20:00,850.924,0,96.9982,924.468,0,115.901,-92.4468,0
Oahu,2045-01-19 22:00,792.739,0,0,848.548,0,29.0457,-84.8548,0
Oahu,2045-02-12 00:00,682.592,0,0,733.675,0,22.2844,-73.3675,0
Oahu,2045-02-12 02:00,665.376,0,0,714.546,0,22.2844,-71.4546,0
Oahu,2045-02-12 04:00,543.568,0,149.607,752.173,0,16.2191,-75.2173,0
Oahu,2045-02-12 06:00,656.613,0,150,874.444,0,19.6135,-87.4444,0
Oahu,2045-02-12 08:00,1786.68,0,0,910.3,664.975,38.9302,107.611,64.8635
Oahu,2045-02-12 10:00,1706.3,0,0,933.142,664.975,51.4961,-93.3142,150
Oahu,2045-02-12 12:00,2319.86,0,0,942.408,664.975,656.721,-94.2408,150
Oahu,2045-02-12 14:00,2570.18,0,71.6196,944.121,870.386,71.995,755.297,0
Oahu,2045-02-12 16:00,2004.94,0,0,941.009,909.107,98.9236,-94.1009,150
Oahu,2045-02-12 18:00,937.855,0,70.7173,981.821,0,124.933,-98.1821,0
Oahu,2045-02-12 20:00,933.183,0,74.5011,928.04,56.5478,115.901,-92.804,0
Oahu,2045-02-12 22:00,815.146,0,0,827.814,41.0669,29.0457,-82.7814,0
Oahu,2045-02-20 00:00,573.055,0,136.596,763.741,0,22.2844,-76.3741,0
Oahu,2045-02-20 02:00,679.54,0,2.70025,740.107,0,16.1437,-74.0107,0
Oahu,2045-02-20 04:00,712.288,0,0,773.41,0,16.2191,-77.341,0
Oahu,2045-02-20 06:00,670.512,0,150,889.888,0,19.6135,-88.9888,0
Oahu,2045-02-20 08:00,1709.84,0,0,936.175,664.975,29.9719,-71.2812,150
Oahu,2045-02-20 10:00,2496.82,0,0,964.355,909.107,51.4961,421.86,150
Oahu,2045-02-20 12:00,2628.92,0,0,973.993,909.107,693.215,-97.3993,150
Oahu,2045-02-20 14:00,2545.12,0,0,976.356,909.107,71.995,437.661,150
Oahu,2045-02-20 16:00,1329.34,0,0,972.044,376.972,77.5287,-97.2044,0
Oahu,2045-02-20 18:00,877.113,0,142.703,994.315,0,124.933,-99.4315,0
Oahu,2045-02-20 20:00,810.746,0,150,938.717,0,115.901,-93.8717,0
Oahu,2045-02-20 22:00,781.607,0,0,836.179,0,29.0457,-83.6179,0
Oahu,2045-04-10 00:00,699.741,0,0,752.73,0,22.2844,-75.273,0
Oahu,2045-04-10 02:00,677.876,0,0,735.258,0,16.1437,-73.5258,0
Oahu,2045-04-10 04:00,714.647,0,0,776.031,0,16.2191,-77.6031,0
Oahu,2045-04-10 06:00,824.205,0,0,893.991,0,19.6135,-89.3991,0
Oahu,2045-04-10 08:00,1082.18,0,0,937.737,74.8585,163.362,-93.7737,0
Oahu,2045-04-10 10:00,1853.36,0,0,960.331,462.693,51.4961,378.839,0
Oahu,2045-04-10 12:00,1966.74,0,0,955.791,474.117,454.047,82.7848,0
Oahu,2045-04-10 14:00,2025.69,0,0,965.857,664.975,71.995,322.865,0
Oahu,2045-04-10 16:00,1759.47,0,0,962.425,709.975,183.307,-96.2425,0
Oahu,2045-04-10 18:00,934.551,0,83,991.798,0,124.933,-99.1798,0
Oahu,2045-04-10 20:00,970.159,0,0,949.176,0,115.901,-94.9176,0
Oahu,2045-04-10 22:00,753.21,0,37,845.738,0,29.0457,-84.5738,0
Oahu,2045-05-02 00:00,715.554,0,0,770.3,0,22.2844,-77.03,0
Oahu,2045-05-02 02:00,746.389,0,0,748.553,56.5478,16.1437,-74.8553,0
Oahu,2045-05-02 04:00,588.017,0,125.047,774.272,0,16.2191,-77.4272,0
Oahu,2045-05-02 06:00,764.378,0,63.2025,897.741,0,19.6135,-89.7741,0
Oahu,2045-05-02 08:00,1545.73,0,147.151,946.053,147.826,29.9719,419.03,150
Oahu,2045-05-02 10:00,1198.72,0,0,970.584,36.5,51.4961,-9.85889,150
Oahu,2045-05-02 12:00,2363.56,0,0,980.08,664.975,666.511,-98.008,150
Oahu,2045-05-02 14:00,2154.44,0,0,980.975,718.746,71.995,382.727,0
Oahu,2045-05-02 16:00,1966.67,0,0,970.755,909.107,77.5287,-97.0755,106.352
Oahu,2045-05-02 18:00,942.982,0,62.9902,978.133,0.720396,124.933,-97.8133,0
Oahu,2045-05-02 20:00,819.559,0,150,948.509,0,115.901,-94.8509,0
Oahu,2045-05-02 22:00,857.819,0,0,850.632,36.5,55.7499,-85.0632,0
Oahu,2045-06-17 00:00,738.513,0,0,795.81,0,22.2844,-79.581,0
Oahu,2045-06-17 02:00,559.392,0,150,770.276,0,16.1437,-77.0276,0
Oahu,2045-06-17 04:00,686.056,0,49.5923,799.366,0,16.2191,-79.9366,0
Oahu,2045-06-17 06:00,828.753,0,0,899.044,0,19.6135,-89.9044,0
Oahu,2045-06-17 08:00,1796.76,0,0,965.091,664.975,57.9581,-41.2653,150
Oahu,2045-06-17 10:00,2378.25,0,0,993.753,701.475,632.402,-99.3753,150
Oahu,2045-06-17 12:00,2444.91,0,0,1002.15,909.107,59.0415,324.613,150
Oahu,2045-06-17 14:00,2562.02,0,0,999.418,909.107,87.4026,523.112,42.977
Oahu,2045-06-17 16:00,1596.53,0,0,988.556,619.432,87.4026,-98.8556,0
Oahu,2045-06-17 18:00,858.693,0,150,981.956,0,124.933,-98.1956,0
Oahu,2045-06-17 20:00,836.229,0,150,967.031,0,115.901,-96.7031,0
Oahu,2045-06-17 22:00,810.966,0,0,868.8,0,29.0457,-86.88,0
Oahu,2045-08-18 00:00,738.2,0,0,795.462,0,22.2844,-79.5462,0
Oahu,2045-08-18 02:00,712.378,0,0,773.594,0,16.1437,-77.3594,0
Oahu,2045-08-18 04:00,872.473,0,0,801.798,0,16.2191,54.4559,0
Oahu,2045-08-18 06:00,694.218,0,150,916.227,0,19.6135,-91.6227,0
Oahu,2045-08-18 08:00,1729.81,0,0,983.179,664.975,29.9719,-98.3179,150
Oahu,2045-08-18 10:00,1913.17,0,0,1014.48,905.681,51.4961,-101.448,42.9603
Oahu,2045-08-18 12:00,2281.74,0,0,1026.17,664.975,693.215,-102.617,0
Oahu,2045-08-18 14:00,2458.47,0,0,1028,664.975,71.995,543.509,150
Oahu,2045-08-18 16:00,2391.38,0,0,1015.87,909.107,77.5287,238.872,150
Oahu,2045-08-18 18:00,976.342,0,49.5794,1001.1,0,124.933,-100.11,0
Oahu,2045-08-18 20:00,850.176,0,150,982.528,0,115.901,-98.2528,0
Oahu,2045-08-18 22:00,723.235,0,150,875.629,56.1235,29.0457,-87.5629,0
Oahu,2045-09-10 00:00,587.479,0,150,794.661,0,22.2844,-79.4661,0
Oahu,2045-09-10 02:00,561.169,0,150,772.251,0,16.1437,-77.2251,0
Oahu,2045-09-10 04:00,640.588,0,97.5,802.076,0,16.2191,-80.2076,0
Oahu,2045-09-10 06:00,691.836,0,150,913.581,0,19.6135,-91.3581,0
Oahu,2045-09-10 08:00,1719.18,0,0,971.372,664.975,29.9719,-97.1372,150
Oahu,2045-09-10 10:00,2310.96,0,0,1005.66,909.107,59.0415,187.144,150
Oahu,2045-09-10 12:00,2028.3,0,0,1011.27,909.107,59.0415,-101.127,150
Oahu,2045-09-10 14:00,2866.26,0,0,1011.29,909.107,71.995,723.862,150
Oahu,2045-09-10 16:00,2359.81,0,0,1004.42,601.68,704.157,-100.442,150
Oahu,2045-09-10 18:00,1034.81,0,0,1010.98,0,124.933,-101.098,0
Oahu,2045-09-10 20:00,836.587,0,150,967.428,0,115.901,-96.7428,0
Oahu,2045-09-10 22:00,804.865,0,0,862.021,0,29.0457,-86.2021,0
Oahu,2045-09-22 00:00,836.644,0,0,807.614,56.5478,22.2844,-49.8024,0
Oahu,2045-09-22 02:00,717.405,0,0,779.179,0,16.1437,-77.9179,0
Oahu,2045-09-22 04:00,639.105,0,85.5,787.095,0,16.2191,-78.7095,0
Oahu,2045-09-22 06:00,636.05,0,150,851.596,0,19.6135,-85.1596,0
Oahu,2045-09-22 08:00,1872.41,0,0,943.578,664.975,29.9719,83.8862,150
Oahu,2045-09-22 10:00,1649.21,0,0,976.689,718.695,51.4961,-97.6689,0
Oahu,2045-09-22 12:00,1847.84,0,0,977.438,909.107,59.0415,-97.7438,0
Oahu,2045-09-22 14:00,2734.44,0,0,974.077,909.107,71.995,779.261,0
Oahu,2045-09-22 16:00,2428.58,0,0,967.854,845.812,711.702,-96.7854,0
Oahu,2045-09-22 18:00,1006.5,0,0,979.522,0,124.933,-97.9522,0
Oahu,2045-09-22 20:00,1195.76,0,0,936.772,236.759,115.901,-93.6772,0
Oahu,2045-09-22 22:00,818.621,0,0,877.306,0,29.0457,-87.7306,0
Oahu,2045-10-27 00:00,744.175,0,0,802.1,0,22.2844,-80.21,0
Oahu,2045-10-27 02:00,768.96,0,0,773.631,56.5478,16.1437,-77.3631,0
Oahu,2045-10-27 04:00,721.844,0,0,784.028,0,16.2191,-78.4028,0
Oahu,2045-10-27 06:00,782.462,0,0,847.609,0,19.6135,-84.7609,0
Oahu,2045-10-27 08:00,2083.88,0,0,942.898,664.975,29.9719,446.036,0
Oahu,2045-10-27 10:00,1930.74,0,0,972.301,519.2,536.467,-97.2301,0
Oahu,2045-10-27 12:00,1992.24,0,0,972.1,909.107,208.244,-97.21,0
Oahu,2045-10-27 14:00,2372.51,0,0,956.533,909.107,71.995,434.87,0
Oahu,2045-10-27 16:00,1443.41,0,0,948.181,447.014,77.5287,-94.8181,65.5048
Oahu,2045-10-27 18:00,848.995,0,150,971.181,0,124.933,-97.1181,0
Oahu,2045-10-27 20:00,938.988,0,20.4387,930.422,0,115.901,-86.8964,0
Oahu,2045-10-27 22:00,811.113,0,0,868.964,0,29.0457,-86.8964,0
Oahu,2045-11-22 00:00,719.45,0,0,774.628,0,22.2844,-77.4628,0
Oahu,2045-11-22 02:00,686.403,0,0,744.733,0,16.1437,-74.4733,0
Oahu,2045-11-22 04:00,695.82,0,0,755.112,0,16.2191,-75.5112,0
Oahu,2045-11-22 06:00,752.708,0,0,814.55,0,19.6135,-81.455,0
Oahu,2045-11-22 08:00,1066.53,0,0,894.866,0,261.146,-89.4866,0
Oahu,2045-11-22 10:00,1688.03,0,0,928.899,321.059,443.283,-5.21548,0
Oahu,2045-11-22 12:00,1877.09,0,0,921.882,446.655,59.0415,449.513,0
Oahu,2045-11-22 14:00,1737.63,0,0,902.809,451.779,71.995,311.049,0
Oahu,2045-11-22 16:00,1216.31,0,0,914.556,304.471,88.7414,-91.4556,0
Oahu,2045-11-22 18:00,966.408,0,0,934.972,0,124.933,-93.4972,0
Oahu,2045-11-22 20:00,796.536,0,120,889.594,0,115.901,-88.9594,0
Oahu,2045-11-22 22:00,776.455,0,0,830.455,0,29.0457,-83.0455,0
Oahu,2045-12-15 00:00,729.384,0,0,785.667,0,22.2844,-78.5667,0
Oahu,2045-12-15 02:00,694.658,0,0,753.905,0,16.1437,-75.3905,0
Oahu,2045-12-15 04:00,741.96,0,0,765.823,36.5,16.2191,-76.5823,0
Oahu,2045-12-15 06:00,614.836,0,150,828.025,0,19.6135,-82.8025,0
Oahu,2045-12-15 08:00,1426.56,0,0,911.523,438.884,29.9719,46.1794,0
Oahu,2045-12-15 10:00,2527.96,0,0,936.18,619.134,223.698,748.944,0
Oahu,2045-12-15 12:00,2423.65,0,0,930.432,909.107,515.479,-81.3648,150
Oahu,2045-12-15 14:00,2015.69,0,0,915.295,909.107,77.5287,-36.2418,150
Oahu,2045-12-15 16:00,1422.61,0,150,922.335,664.975,77.5287,-92.2335,0
Oahu,2045-12-15 18:00,968.684,0,51,953.612,36.5,124.933,-95.3612,0
Oahu,2045-12-15 20:00,995.756,0,0,914.786,56.5478,115.901,-91.4786,0
Oahu,2045-12-15 22:00,794.963,0,0,851.019,0,29.0457,-85.1019,0
Oahu,2050-01-12 00:00,650.035,0,85.5,781.626,0,32.0716,-78.1626,0
Oahu,2050-01-12 02:00,703.598,0,0,755.96,0,23.2339,-75.596,0
Oahu,2050-01-12 04:00,879.738,0,0,784.884,0,23.3425,-78.4884,150
Oahu,2050-01-12 06:00,845.203,0,0,907.751,0,28.2276,-90.7751,0
Oahu,2050-01-12 08:00,1093.7,0,0,951.102,0,43.1355,99.4592,0
Oahu,2050-01-12 10:00,1444.42,0,0,977.79,0,367.166,99.4592,0
Oahu,2050-01-12 12:00,1535.51,0,0,979.126,0,654.296,-97.9126,0
Oahu,2050-01-12 14:00,1670.86,0,0,972.604,0,103.615,594.645,0
Oahu,2050-01-12 16:00,981.679,0,0,957.996,0,119.483,-95.7996,0
Oahu,2050-01-12 18:00,1098.27,0,0,982.262,0,214.234,-98.2262,0
Oahu,2050-01-12 20:00,854.624,0,150,930.911,0,166.804,-93.0911,0
Oahu,2050-01-12 22:00,819.402,0,0,855.124,0,49.7907,-85.5124,0
Oahu,2050-01-19 00:00,1478.63,0,0,763.778,188.961,32.0716,493.823,0
Oahu,2050-01-19 02:00,1416.61,0,0,738.69,128.266,510.508,39.151,0
Oahu,2050-01-19 04:00,931.337,0,0,771.723,213.443,23.3425,-77.1723,0
Oahu,2050-01-19 06:00,1072.61,0,0,894.468,239.359,28.2276,-89.4468,0
Oahu,2050-01-19 08:00,1284.99,0,0,931.797,365.857,43.1355,-93.1797,37.3804
Oahu,2050-01-19 10:00,1597.6,0,0,953.906,664.975,74.1129,-95.3906,0
Oahu,2050-01-19 12:00,2032.99,0,0,961.753,664.975,502.434,-96.1753,0
Oahu,2050-01-19 14:00,2024.26,0,0,959.938,664.975,111.579,287.765,0
Oahu,2050-01-19 16:00,964.299,0,0,947.467,0,111.579,-94.7467,0
Oahu,2050-01-19 18:00,985.435,0,70.3015,973.26,0,179.803,-97.326,0
Oahu,2050-01-19 20:00,920.344,0,78.4814,924.468,0,166.804,-92.4468,0
Oahu,2050-01-19 22:00,805.496,0,0,848.548,0,41.8025,-84.8548,0
Oahu,2050-02-12 00:00,679.158,0,13.2211,733.675,0,32.0716,-73.3675,0
Oahu,2050-02-12 02:00,910.457,0,0,714.546,244.132,23.2339,-71.4546,0
Oahu,2050-02-12 04:00,700.299,0,0,752.173,0,23.3425,-75.2173,0
Oahu,2050-02-12 06:00,1033.73,0,0,874.444,218.504,28.2276,-87.4444,0
Oahu,2050-02-12 08:00,971.386,0,0,910.3,78.003,74.1129,-91.03,0
Oahu,2050-02-12 10:00,913.941,0,0,933.142,0,74.1129,-93.3142,0
Oahu,2050-02-12 12:00,1177.27,0,0,942.408,244.132,84.9723,-94.2408,0
Oahu,2050-02-12 14:00,2466.22,0,0,944.121,173.88,592.925,755.297,0
Oahu,2050-02-12 16:00,2153.12,0,0,941.009,453.576,503.99,104.54,150
Oahu,2050-02-12 18:00,991.163,0,72.2789,981.821,0,179.803,-98.1821,0
Oahu,2050-02-12 20:00,1002.04,0,0,928.04,0,166.804,-92.804,0
Oahu,2050-02-12 22:00,636.835,0,150,827.814,0,41.8025,-82.7814,0
Oahu,2050-02-20 00:00,704.109,0,15.3294,763.741,0,32.0716,-76.3741,0
Oahu,2050-02-20 02:00,600.122,0,89.2087,740.107,0,23.2339,-74.0107,0
Oahu,2050-02-20 04:00,718.449,0,0.961913,773.41,0,23.3425,-77.341,0
Oahu,2050-02-20 06:00,679.126,0,150,889.888,0,28.2276,-88.9888,0
Oahu,2050-02-20 08:00,1700.67,0,0,936.175,664.975,43.1355,-93.6175,150
Oahu,2050-02-20 10:00,2322.11,0,0,964.355,909.107,74.1129,224.535,150
Oahu,2050-02-20 12:00,2933.37,0,0,973.993,909.107,997.672,-97.3993,150
Oahu,2050-02-20 14:00,2796.4,0,0,976.356,909.107,103.615,657.322,150
Oahu,2050-02-20 16:00,1620,0,0,972.044,483.586,111.579,-97.2044,150
Oahu,2050-02-20 18:00,932.686,0,142,994.315,0,179.803,-99.4315,0
Oahu,2050-02-20 20:00,861.649,0,150,938.717,0,166.804,-93.8717,0
Oahu,2050-02-20 22:00,644.364,0,150,836.179,0,41.8025,-83.6179,0
Oahu,2050-04-10 00:00,709.529,0,0,752.73,0,32.0716,-75.273,0
Oahu,2050-04-10 02:00,684.966,0,0,735.258,0,23.2339,-73.5258,0
Oahu,2050-04-10 04:00,601.77,0,120,776.031,0,23.3425,-77.6031,0
Oahu,2050-04-10 06:00,832.819,0,0,893.991,0,28.2276,-89.3991,0
Oahu,2050-04-10 08:00,1279.29,0,0,937.737,221.435,161.713,-41.5993,0
Oahu,2050-04-10 10:00,1978.24,0,0,960.331,626.072,74.1129,317.723,0
Oahu,2050-04-10 12:00,1739.31,0,0,955.791,0,879.094,-95.5791,0
Oahu,2050-04-10 14:00,1863.54,0,0,965.857,479.332,103.615,314.736,0
Oahu,2050-04-10 16:00,1579.67,0,0,962.425,496.501,111.579,9.16951,0
Oahu,2050-04-10 18:00,1072.42,0,0,991.798,0,179.803,-99.1798,0
Oahu,2050-04-10 20:00,1021.06,0,0,949.176,0,166.804,-94.9176,0
Oahu,2050-04-10 22:00,937.989,0,0,845.738,45,41.8025,5.44834,0
Oahu,2050-05-02 00:00,725.341,0,0,770.3,0,32.0716,-77.03,0
Oahu,2050-05-02 02:00,696.932,0,0,748.553,0,23.2339,-74.8553,0
Oahu,2050-05-02 04:00,837.431,0,0,774.272,0,140.586,-77.4272,0
Oahu,2050-05-02 06:00,848.541,0,0,897.741,0,28.2276,-77.4272,0
Oahu,2050-05-02 08:00,894.583,0,0,946.053,0,43.1355,-94.6053,0
Oahu,2050-05-02 10:00,947.638,0,0,970.584,0,74.1129,-97.0584,0
Oahu,2050-05-02 12:00,967.044,0,0,980.08,0,84.9723,-98.008,0
Oahu,2050-05-02 14:00,1869.37,0,0,980.975,0,103.615,784.78,0
Oahu,2050-05-02 16:00,1678.41,0,0,970.755,0,618.298,89.3588,0
Oahu,2050-05-02 18:00,1239.44,0,0,978.133,0,359.119,-97.8133,0
Oahu,2050-05-02 20:00,900.462,0,120,948.509,0,166.804,-94.8509,0
Oahu,2050-05-02 22:00,916.792,0,0,850.632,0,151.223,-85.0632,0
Oahu,2050-06-17 00:00,748.301,0,0,795.81,0,32.0716,-79.581,0
Oahu,2050-06-17 02:00,873.902,0,0,770.276,157.42,23.2339,-77.0276,0
Oahu,2050-06-17 04:00,742.772,0,0,799.366,0,23.3425,-79.9366,0
Oahu,2050-06-17 06:00,742.694,0,94.6726,899.044,0,28.2276,-89.9044,0
Oahu,2050-06-17 08:00,1977.43,0,0,965.091,909.107,43.1355,-89.9044,150
Oahu,2050-06-17 10:00,2534.17,0,0,993.753,664.975,535.892,339.547,0
Oahu,2050-06-17 12:00,2496.94,0,0,1002.15,909.107,535.892,-100.215,150
Oahu,2050-06-17 14:00,2529.92,0,0,999.418,719.227,103.615,557.657,150
Oahu,2050-06-17 16:00,1622.09,0,5.42808,988.556,626.243,111.579,-98.8556,0
Oahu,2050-06-17 18:00,917.107,0,146.456,981.956,0,179.803,-98.1956,0
Oahu,2050-06-17 20:00,941.208,0,95.9239,967.031,0,166.804,-96.7031,0
Oahu,2050-06-17 22:00,767.56,0,124.019,868.8,67.8571,41.8025,-86.88,0
Oahu,2050-08-18 00:00,747.987,0,0,795.462,0,32.0716,-79.5462,0
Oahu,2050-08-18 02:00,1190.31,0,0,773.594,244.132,249.947,-77.3594,0
Oahu,2050-08-18 04:00,923.423,0,0,801.798,178.463,23.3425,-80.1798,0
Oahu,2050-08-18 06:00,767.332,0,85.5,916.227,0,28.2276,-91.6227,0
Oahu,2050-08-18 08:00,927.997,0,0,983.179,0,43.1355,-98.3179,0
Oahu,2050-08-18 10:00,1539.32,0,0,1014.48,0,626.292,-101.448,0
Oahu,2050-08-18 12:00,1008.53,0,0,1026.17,0,84.9723,-102.617,0
Oahu,2050-08-18 14:00,1954.01,0,0,1028,0,103.615,822.396,0
Oahu,2050-08-18 16:00,1505.88,0,0,1015.87,0,245.386,94.6201,150
Oahu,2050-08-18 18:00,1080.79,0,0,1001.1,0,179.803,-100.11,0
Oahu,2050-08-18 20:00,1051.08,0,0,982.528,0,166.804,-98.2528,0
Oahu,2050-08-18 22:00,739.153,0,150,875.629,59.2851,41.8025,-87.5629,0
Oahu,2050-09-10 00:00,699.946,0,47.3201,794.661,0,32.0716,-79.4661,0
Oahu,2050-09-10 02:00,585.756,0,132.503,772.251,0,23.2339,-77.2251,0
Oahu,2050-09-10 04:00,670.769,0,74.4422,802.076,0,23.3425,-80.2076,0
Oahu,2050-09-10 06:00,874.821,0,0,913.581,0,28.2276,-91.3581,24.3707
Oahu,2050-09-10 08:00,1758.42,0,0,971.372,203.787,577.744,5.5118,0
Oahu,2050-09-10 10:00,1564.27,0,0,1005.66,233.225,169.866,5.5118,150
Oahu,2050-09-10 12:00,1125.26,0,0,1011.27,130.141,84.9723,-101.127,0
Oahu,2050-09-10 14:00,1892.9,0,0,1011.29,776.676,206.063,-101.129,0
Oahu,2050-09-10 16:00,2613.89,0,0,1004.42,514.471,291.468,803.533,0
Oahu,2050-09-10 18:00,1150.74,0,0,1010.98,61.0622,179.803,-101.098,0
Oahu,2050-09-10 20:00,1037.49,0,0,967.428,0,166.804,-96.7428,0
Oahu,2050-09-10 22:00,829.2,0,0,862.021,11.5784,41.8025,-86.2021,0
Oahu,2050-09-22 00:00,937.481,0,0,807.614,178.556,32.0716,-80.7614,0
Oahu,2050-09-22 02:00,723.273,0,1.2219,779.179,0,23.2339,-77.9179,0
Oahu,2050-09-22 04:00,1001.76,0,0,787.095,0,23.3425,130.493,60.8261
Oahu,2050-09-22 06:00,1044.97,0,0,851.596,0,278.537,-85.1596,0
Oahu,2050-09-22 08:00,892.355,0,0,943.578,0,43.1355,-94.3578,0
Oahu,2050-09-22 10:00,962.212,0,0,976.689,9.07866,74.1129,-97.6689,0
Oahu,2050-09-22 12:00,964.666,0,0,977.438,0,84.9723,-97.7438,0
Oahu,2050-09-22 14:00,1856.95,0,0,974.077,0,103.615,779.261,0
Oahu,2050-09-22 16:00,1647.86,0,0,967.854,2.82621,773.969,-96.7854,0
Oahu,2050-09-22 18:00,1032.47,0,28.9019,979.522,0,179.803,-97.9522,0
Oahu,2050-09-22 20:00,873.187,0,136.712,936.772,0,166.804,-93.6772,0
Oahu,2050-09-22 22:00,831.378,0,0,877.306,0,41.8025,-87.7306,0
Oahu,2050-10-27 00:00,969.954,0,0.123053,802.1,0,32.0716,135.905,0
Oahu,2050-10-27 02:00,719.502,0,0,773.631,0,23.2339,-77.3631,0
Oahu,2050-10-27 04:00,728.967,0,0,784.028,0,23.3425,-78.4028,0
Oahu,2050-10-27 06:00,791.076,0,0,847.609,0,28.2276,-84.7609,0
Oahu,2050-10-27 08:00,905.263,0,0,942.898,0,56.6553,-94.2898,0
Oahu,2050-10-27 10:00,1683.21,0,119.877,972.301,0,928.013,-97.2301,0
Oahu,2050-10-27 12:00,959.863,0,0,972.1,0,84.9723,-97.21,0
Oahu,2050-10-27 14:00,1825.37,0,0,956.533,0,103.615,765.226,0
Oahu,2050-10-27 16:00,1010.22,0,0,948.181,0,156.858,-94.8181,0
Oahu,2050-10-27 18:00,1053.87,0,0,971.181,0,179.803,-97.1181,0
Oahu,2050-10-27 20:00,1004.18,0,0,930.422,0,166.804,-93.0422,0
Oahu,2050-10-27 22:00,823.87,0,0,868.964,0,41.8025,-86.8964,0
Oahu,2050-11-22 00:00,729.237,0,0,774.628,0,32.0716,-77.4628,0
Oahu,2050-11-22 02:00,693.493,0,0,744.733,0,23.2339,-74.4733,0
Oahu,2050-11-22 04:00,702.944,0,0,755.112,0,23.3425,-75.5112,0
Oahu,2050-11-22 06:00,670.427,0,90.8955,814.55,0,28.2276,-81.455,0
Oahu,2050-11-22 08:00,949.337,0,0,894.866,100.822,43.1355,-89.4866,0
Oahu,2050-11-22 10:00,1837.1,0,0,928.899,502.977,498.113,-92.8899,0
Oahu,2050-11-22 12:00,2006.48,0,0,921.882,363.821,573.671,147.106,0
Oahu,2050-11-22 14:00,1835.45,0,0,902.809,590.605,103.615,238.419,0
Oahu,2050-11-22 16:00,1869.59,0,0,914.556,472.199,111.579,371.256,0
Oahu,2050-11-22 18:00,992.173,0,29.1045,934.972,0,179.803,-93.4972,0
Oahu,2050-11-22 20:00,967.439,0,0,889.594,0,166.804,-88.9594,0
Oahu,2050-11-22 22:00,789.212,0,0,830.455,0,41.8025,-83.0455,0
Oahu,2050-12-15 00:00,589.172,0,150,785.667,0,32.0716,-78.5667,0
Oahu,2050-12-15 02:00,701.749,0,0,753.905,0,23.2339,-75.3905,0
Oahu,2050-12-15 04:00,1192.56,0,0,765.823,0,503.321,-76.5823,0
Oahu,2050-12-15 06:00,773.45,0,0,828.025,0,28.2276,-82.8025,0
Oahu,2050-12-15 08:00,713.506,0,150,911.523,0,43.1355,-91.1523,0
Oahu,2050-12-15 10:00,1194.7,0,0,936.18,54.931,74.1129,129.477,0
Oahu,2050-12-15 12:00,1505.08,0,0,930.432,0,517.694,-93.0432,150
Oahu,2050-12-15 14:00,1751.15,0,0,915.295,0,103.615,732.236,0
Oahu,2050-12-15 16:00,1091.68,0,0,922.335,0,111.579,-92.2335,150
Oahu,2050-12-15 18:00,1038.05,0,0,953.612,0,179.803,-95.3612,0
Oahu,2050-12-15 20:00,990.112,0,0,914.786,0,166.804,-91.4786,0
Oahu,2050-12-15 22:00,807.72,0,0,851.019,0,41.8025,-85.1019,0
